27.75005,2.49195,2021-02-13,3
27.75005,2.49185,2020-10-04,3
27.75005,2.49175,2020-10-28,3
27.75005,2.49165,2020-10-28,3
27.75005,2.49155,2020-04-07,3
27.75005,2.49145,2020-03-02,3
27.75005,2.49135,2020-03-02,3
27.75005,2.49125,2020-03-02,3
27.75005,2.49115,2020-03-02,3
27.75005,2.49105,2020-03-02,3
27.75005,2.48145,2022-04-09,3
27.75005,2.48135,2022-04-09,3
27.75005,2.48125,2022-03-04,3
27.75005,2.48115,2022-03-04,3
27.75005,2.47905,2022-05-27,3
27.75005,2.47895,2022-05-27,3
27.75005,2.47885,2022-05-15,3
27.75005,2.47875,2022-05-27,3
27.75005,2.47865,2022-05-27,3
27.75005,2.46675,2021-04-19,3
27.75005,2.46665,2021-04-19,3
27.75005,2.46655,2021-04-19,3
27.75005,2.46645,2021-03-11,4
27.75005,2.46635,2021-03-11,4
27.75005,2.46625,2023-01-15,3
27.75005,2.46615,2021-06-24,3
27.75005,2.46605,2022-04-26,3
27.75005,2.46075,2021-06-25,3
27.75005,2.46065,2021-07-12,3
27.75005,2.46035,2021-02-13,3
27.75005,2.46025,2021-02-13,3
27.75005,2.46015,2021-02-13,3
27.75005,2.41395,2024-06-07,2
27.75005,2.41385,2024-06-07,2
27.75005,2.41375,2024-06-07,2
27.75005,2.41365,2024-06-07,2
27.75005,2.41355,2024-06-07,2
27.75005,2.41345,2023-04-02,3
27.75005,2.41335,2023-04-02,3
27.75005,2.41295,2023-02-06,3
27.75005,2.41285,2023-02-06,3
27.75005,2.40645,2022-02-20,3
27.75005,2.4063499999999998,2022-03-16,3
27.75005,2.39145,2024-06-23,2
27.75005,2.39135,2024-06-23,2
27.75005,2.38565,2021-01-25,3
27.75005,2.38555,2020-02-24,3
27.75005,2.38495,2022-10-06,3
27.75005,2.38485,2022-10-06,3
27.75005,2.38475,2022-10-06,3
27.75005,2.38465,2022-10-06,3
27.75005,2.38455,2022-10-06,3
27.75005,2.38445,2022-10-06,3
27.75005,2.38435,2022-10-06,3
27.75005,2.38425,2022-12-17,3
27.75005,2.38415,2022-12-17,3
27.75005,2.38405,2022-12-17,3
27.75005,2.30465,2019-01-24,3
27.75005,2.30455,2019-01-19,3
27.75005,2.29695,2022-07-07,3
27.75005,2.29685,2022-05-08,3
27.75005,2.29675,2022-06-13,3
27.75005,2.29665,2022-08-12,3
27.75005,2.29585,2023-07-14,3
27.75005,2.29575,2023-07-14,3
27.75005,2.29565,2023-03-28,3
27.75005,2.29555,2023-03-04,3
27.75005,2.2954499999999998,2023-02-20,4
27.75005,2.29535,2023-04-09,4
27.75005,2.29525,2023-04-28,3
27.75005,2.24875,2022-09-24,3
27.75005,2.24865,2022-09-24,3
27.75005,2.24855,2024-01-29,3
27.75005,2.24845,2024-01-29,3
27.75005,2.23595,2021-03-11,3
27.75005,2.23585,2021-03-11,3
27.75005,2.22515,2024-02-10,3
27.75005,2.22505,2024-02-10,3
27.75005,2.21825,2024-03-04,3
27.75005,2.21815,2024-03-04,3
27.75005,2.21805,2024-03-04,3
27.75005,2.17575,2023-02-16,3
27.75005,2.17565,2023-02-16,3
27.75005,2.17555,2023-02-16,3
27.75005,2.17545,2023-02-16,3
27.75005,2.17535,2023-02-16,3
27.75005,2.17525,2023-04-02,3
27.75005,2.17515,2023-04-02,3
27.75005,2.17505,2023-04-02,3
27.75005,2.16825,2024-03-28,3
27.75005,2.16815,2024-03-28,3
27.75005,2.16805,2024-03-28,3
27.75005,2.16675,2021-03-11,3
27.75005,2.1666499999999997,2021-03-11,3
27.75005,2.16655,2021-03-11,3
27.75005,2.16645,2023-02-03,3
27.75005,2.16635,2023-02-03,3
27.75005,2.16575,2023-04-02,3
27.75005,2.16565,2023-04-02,3
27.75005,2.16555,2023-04-02,3
27.75005,2.16455,2019-07-30,3
27.75005,2.16445,2019-06-12,3
27.75005,2.1643499999999998,2019-02-12,3
27.75005,2.16425,2019-02-12,3
27.75005,2.16415,2019-01-19,3
27.75005,2.16405,2019-01-19,3
27.75005,2.16395,2019-07-30,3
27.75005,2.16385,2019-04-25,3
27.75005,2.16375,2019-01-19,3
27.75005,2.16365,2019-01-19,3
27.75005,2.16355,2019-02-24,3
27.75005,2.16345,2019-02-24,3
27.75005,2.16335,2019-02-24,3
27.75005,2.16325,2019-02-12,3
27.75005,2.16315,2019-02-12,3
27.75005,2.16305,2019-03-08,3
27.75005,2.16295,2019-03-08,3
27.75005,2.16285,2019-03-08,3
27.75005,2.16275,2019-03-08,3
27.75005,2.16265,2019-07-06,3
27.75005,2.16255,2020-12-15,3
27.75005,2.1624499999999998,2020-06-06,3
27.75005,2.16235,2020-03-02,3
27.75005,2.1622500000000002,2020-03-02,3
27.75005,2.16215,2020-03-02,3
27.75005,2.16205,2020-03-02,3
27.75005,2.16195,2020-03-02,3
27.75005,2.16185,2020-03-14,3
27.75005,2.16145,2020-03-02,3
27.75005,2.16135,2020-03-02,3
27.75005,2.16125,2020-03-02,3
27.75005,2.16115,2020-03-02,3
27.75005,2.16105,2020-01-26,3
27.75005,2.16095,2020-03-14,3
27.75005,2.16085,2020-03-14,3
27.75005,2.16075,2020-03-14,3
27.75005,2.16065,2020-03-14,3
27.75005,2.1605499999999997,2020-10-28,3
27.75005,2.16045,2020-10-28,3
27.75005,2.16035,2020-03-14,3
27.75005,2.16025,2020-03-02,3
27.75005,2.15805,2019-02-24,3
27.75005,2.15795,2019-02-24,3
27.75005,2.15785,2019-02-24,3
27.75005,2.14185,2022-03-28,3
27.75005,2.14175,2022-02-08,4
27.75005,2.14165,2022-02-08,4
27.75005,2.14155,2022-02-08,4
27.75005,2.14145,2022-02-08,4
27.75005,2.14135,2022-02-08,4
27.75005,2.14125,2022-02-08,4
27.75005,2.14115,2022-05-10,3
27.75005,2.14105,2022-05-10,3
27.75005,2.14095,2022-05-10,3
27.75005,2.14085,2022-05-10,3
27.75005,2.14075,2023-05-05,3
27.75005,2.14065,2023-05-05,3
27.75005,2.14055,2023-05-05,3
27.75005,2.10115,2022-01-27,3
27.75005,2.10105,2022-02-08,3
27.75005,2.10095,2022-02-20,3
27.75005,2.10085,2020-07-24,3
27.75005,2.10075,2020-05-13,3
27.75005,2.10065,2020-07-24,3
27.75005,2.10055,2020-07-12,3
27.75005,2.10045,2020-07-12,3
27.75005,2.09845,2021-03-11,3
27.75005,2.09835,2021-03-11,3
27.75005,2.09795,2021-12-10,3
27.75005,2.09785,2021-12-16,3
27.75005,2.09775,2022-03-04,3
27.75005,2.09595,2021-06-25,3
27.75005,2.09585,2022-04-09,3
27.75005,2.07405,2024-01-05,3
27.75005,2.07395,2024-01-29,3
27.75005,2.07385,2022-03-16,3
27.75005,2.07375,2023-05-05,4
27.75005,2.0736499999999998,2023-05-05,4
27.75005,2.07355,2023-05-05,4
27.75005,2.07345,2023-01-05,3
27.75005,2.07335,2023-01-05,3
27.75005,2.07325,2023-05-04,3
27.75005,2.07315,2023-05-04,3
27.75005,2.07305,2023-05-04,3
27.75005,2.07265,2019-02-24,3
27.75005,2.07255,2019-02-24,3
27.75005,2.07245,2019-02-24,3
27.75005,2.07235,2019-02-12,3
27.75005,2.07225,2019-01-31,3
27.75005,2.07215,2019-01-31,3
27.75005,2.07205,2019-01-31,3
27.75005,2.07045,2020-03-26,3
27.75005,2.07035,2020-03-26,3
27.75005,2.07025,2020-04-19,3
27.75005,2.07015,2022-03-04,3
27.75005,2.07005,2022-03-04,3
27.75005,2.06995,2023-05-04,3
27.75005,2.0698499999999997,2023-05-04,3
27.75005,2.06965,2022-03-16,3
27.75005,2.06955,2022-03-16,3
27.75005,2.06945,2023-04-02,3
27.75005,2.06935,2023-04-02,3
27.75005,2.06925,2022-01-27,3
27.75005,2.06915,2022-01-27,3
27.75005,2.06905,2022-02-08,3
27.75005,2.06895,2022-02-08,3
27.75005,2.06885,2022-02-08,3
27.75005,2.06875,2022-02-08,3
27.75005,2.06865,2022-02-08,3
27.75005,2.06855,2022-02-08,3
27.75005,2.06845,2022-02-08,4
27.75005,2.06835,2022-02-08,4
27.75005,2.06825,2022-02-08,4
27.75005,2.06815,2022-01-03,4
27.75005,2.06805,2022-01-03,4
27.75005,2.0679499999999997,2022-05-10,3
27.75005,2.06785,2022-05-10,3
27.75005,2.06775,2023-04-10,3
27.75005,2.06765,2020-03-14,4
27.75005,2.0675499999999998,2020-03-14,4
27.75005,2.06745,2020-03-14,3
27.75005,2.06735,2020-03-02,3
27.75005,2.06725,2020-03-02,3
27.75005,2.06715,2020-03-14,3
27.75005,2.06705,2020-03-14,3
27.75005,2.06695,2020-03-14,3
27.75005,2.06685,2020-03-14,3
27.75005,2.06595,2023-04-02,3
27.75005,2.06585,2023-04-02,3
27.75005,2.06535,2022-02-08,3
27.75005,2.06525,2022-01-27,3
27.75005,2.06515,2022-01-27,3
27.75005,2.05425,2022-02-20,3
27.75005,2.05415,2022-01-27,3
27.75005,2.05405,2022-01-27,3
27.75005,2.05395,2022-01-27,4
27.75005,2.0538499999999997,2022-01-27,4
27.75005,2.05375,2022-01-27,4
27.75005,2.05365,2022-02-08,4
27.75005,2.05355,2022-02-18,3
27.75005,2.0534499999999998,2022-02-19,3
27.75005,2.05335,2022-02-19,3
27.75005,2.04655,2019-09-28,3
27.75005,2.04645,2019-09-28,3
27.75005,2.04635,2019-03-20,3
27.75005,2.04595,2019-03-08,3
27.75005,2.04585,2019-03-08,3
27.75005,2.04575,2019-03-08,3
27.75005,2.03685,2024-03-05,3
27.75005,2.03675,2023-04-04,3
27.75005,2.03665,2023-02-03,3
27.75005,2.03655,2022-12-05,3
27.75005,2.03645,2021-03-09,3
27.75005,2.03635,2021-02-13,3
27.75005,2.03625,2021-02-13,3
27.75005,2.03615,2021-02-13,3
27.75005,2.03605,2021-02-13,3
27.75005,2.03345,2020-06-06,3
27.75005,2.03335,2020-06-06,3
27.75005,2.03325,2020-03-02,3
27.75005,2.03315,2020-01-14,3
27.75005,2.03305,2020-01-14,3
27.75005,2.03295,2020-03-02,3
27.75005,2.03285,2020-08-17,3
27.75005,2.03275,2021-02-01,3
27.75005,2.03265,2021-02-13,3
27.75005,2.02995,2023-12-12,3
27.75005,2.02985,2023-12-12,3
27.75005,2.02975,2024-01-05,3
27.75005,2.02965,2024-09-25,3
27.75005,2.02955,2024-09-25,2
27.75005,2.02475,2023-05-21,3
27.75005,2.02465,2022-08-31,4
27.75005,2.02455,2022-03-16,4
27.75005,2.02445,2022-03-28,4
27.75005,2.02435,2023-05-05,3
27.75005,2.02105,2022-03-16,3
27.75005,2.02095,2022-03-16,3
27.75005,2.02085,2022-03-16,3
27.75005,2.02075,2022-03-16,3
27.75005,2.02065,2022-03-28,3
27.75005,1.8992499999999999,2023-05-10,3
27.75005,1.8409499999999999,2023-02-27,3
27.75005,1.84085,2023-02-27,3
27.75005,1.8407499999999999,2023-02-27,3
27.75005,1.8406500000000001,2023-02-03,3
27.75005,1.84055,2023-02-03,3
27.75005,1.84045,2023-02-03,3
27.75005,1.84035,2023-02-03,3
27.75005,1.84025,2023-07-09,3
27.75005,1.84015,2023-12-24,3
27.75005,1.84005,2024-03-29,3
27.75005,1.8211499999999998,2022-10-30,3
27.75005,1.82105,2022-10-30,3
27.75005,1.8209499999999998,2022-10-30,3
27.75005,1.81365,2023-01-10,3
27.75005,1.81355,2022-12-17,3
27.75005,1.81345,2022-12-17,3
27.75005,1.81335,2023-01-10,3
27.75005,1.81325,2023-02-27,3
27.75005,1.81305,2023-02-27,3
27.75005,1.8129499999999998,2022-10-24,4
27.75005,1.81285,2022-10-24,4
27.75005,1.8127499999999999,2022-10-24,4
27.75005,1.81265,2022-10-24,4
27.75005,1.8125499999999999,2022-10-24,4
27.75005,1.8124500000000001,2022-10-30,3
27.75005,1.81235,2022-10-30,3
27.75005,1.81225,2022-10-30,3
27.75005,1.81215,2022-10-30,3
27.75005,1.81205,2022-10-30,3
27.75005,1.81195,2022-10-24,4
27.75005,1.81185,2022-10-24,3
27.75005,1.81175,2023-05-05,3
27.75005,1.81165,2023-05-05,3
27.75005,1.81155,2023-05-05,3
27.75005,1.81015,2023-02-03,3
27.75005,1.81005,2023-04-04,3
27.75005,1.8047499999999999,2024-01-05,3
27.75005,1.80465,2024-01-05,3
27.75005,1.73975,2024-05-06,2
27.75005,1.73965,2024-05-06,2
27.75005,1.73955,2024-05-06,2
27.75005,1.73945,2024-01-08,3
27.75005,1.73935,2024-01-08,3
27.75005,1.72095,2023-12-24,3
27.75005,1.72085,2023-12-24,3
27.75005,1.72075,2023-12-24,3
27.75005,1.72065,2024-07-15,3
27.75005,1.7205499999999998,2024-05-28,3
27.75005,1.72045,2024-01-05,4
27.75005,1.7203499999999998,2024-01-05,4
27.75005,1.72025,2024-09-25,2
27.75005,1.64875,2024-05-31,3
27.75005,1.64865,2024-05-31,3
27.75005,1.64855,2024-05-31,3
27.75005,1.64745,2024-08-11,2
27.75005,1.6473499999999999,2024-08-11,2
27.75005,1.64695,2024-09-11,2
27.75005,1.64685,2024-09-11,2
27.75005,1.64675,2024-08-02,3
27.75005,1.64665,2024-08-02,3
27.75005,1.64655,2024-08-02,3
27.75005,1.64645,2024-05-31,3
27.75005,1.64635,2024-05-31,3
27.75005,1.64625,2024-05-06,3
27.75005,1.64615,2024-05-06,3
27.75005,1.64605,2024-05-06,3
27.75005,1.64595,2024-05-06,3
27.75005,1.6458499999999998,2024-05-06,3
27.75005,1.44045,2024-04-29,3
27.75005,1.44035,2024-04-29,3
27.75005,1.44025,2023-08-17,3
27.75005,1.44015,2023-08-17,3
27.75005,1.44005,2023-08-17,3
27.75005,1.4399499999999998,2023-08-17,3
27.75005,1.4398499999999999,2023-08-17,3
27.75005,1.4397499999999999,2023-08-17,3
27.75005,1.4396499999999999,2023-08-17,3
27.75005,1.4395499999999999,2023-04-28,4
27.75005,1.43945,2023-01-05,4
27.75005,1.43935,2023-01-05,4
27.75005,1.43925,2023-01-05,3
27.75005,1.43915,2023-01-05,4
27.75005,1.43905,2023-01-05,4
27.75005,1.43895,2023-01-05,4
27.75005,1.43885,2022-12-29,4
27.75005,1.43875,2022-12-29,4
27.75005,1.43865,2022-12-29,4
27.75005,1.43855,2022-12-29,4
27.75005,1.43845,2023-04-19,4
27.75005,1.43835,2023-04-19,4
27.75005,1.43825,2024-08-20,2
27.75005,1.4055499999999999,2024-07-27,3
27.75005,1.4054499999999999,2024-04-10,3
27.75005,1.4053499999999999,2024-04-10,3
27.75005,1.4052499999999999,2023-10-01,3
27.75005,1.40515,2024-02-10,3
27.75005,1.40505,2023-12-24,3
27.75005,1.30585,2023-12-24,3
27.75005,1.30575,2024-01-05,3
27.75005,1.30565,2023-12-24,3
27.75005,1.29975,2023-01-10,3
27.75005,1.29965,2023-01-10,3
27.75005,1.29955,2023-01-10,3
27.75005,1.29945,2022-12-17,3
27.75005,1.29935,2022-12-17,3
27.75005,1.29925,2022-10-01,4
27.75005,1.29915,2022-08-31,4
27.75005,1.29905,2022-08-31,4
27.75005,1.29895,2022-08-31,4
27.75005,1.2988499999999998,2022-08-31,4
27.75005,1.2987499999999998,2022-08-31,3
27.75005,1.2986499999999999,2022-09-12,3
27.75005,1.2985499999999999,2022-09-12,3
27.75005,1.2984499999999999,2022-09-12,3
27.75005,1.29835,2022-09-12,3
27.75005,1.29825,2024-01-05,3
27.75005,1.2885499999999999,2020-09-22,3
27.75015,2.49195,2021-02-13,3
27.75015,2.49185,2020-10-04,3
27.75015,2.49175,2020-10-04,3
27.75015,2.49165,2020-03-02,3
27.75015,2.49155,2020-03-02,3
27.75015,2.49145,2020-03-02,3
27.75015,2.49135,2020-03-02,3
27.75015,2.49125,2020-03-02,3
27.75015,2.49115,2020-03-02,3
27.75015,2.49105,2020-03-02,3
27.75015,2.48145,2024-01-29,3
27.75015,2.48135,2024-07-15,3
27.75015,2.47895,2022-05-15,3
27.75015,2.47885,2022-05-15,3
27.75015,2.47875,2022-05-27,3
27.75015,2.46675,2021-04-19,3
27.75015,2.46665,2021-04-19,3
27.75015,2.46655,2021-03-02,3
27.75015,2.46645,2021-02-18,4
27.75015,2.46635,2021-03-02,4
27.75015,2.46625,2021-03-02,3
27.75015,2.46615,2021-06-13,3
27.75015,2.46605,2022-04-02,3
27.75015,2.46075,2021-06-25,3
27.75015,2.41395,2024-06-07,2
27.75015,2.41385,2024-06-07,2
27.75015,2.41375,2024-06-07,2
27.75015,2.41365,2024-06-07,2
27.75015,2.41355,2024-06-07,2
27.75015,2.41345,2023-04-02,3
27.75015,2.41335,2023-04-02,3
27.75015,2.41295,2023-02-06,3
27.75015,2.41285,2023-02-06,3
27.75015,2.40645,2022-02-20,3
27.75015,2.40435,2023-02-08,3
27.75015,2.40425,2023-02-08,3
27.75015,2.39145,2024-06-23,2
27.75015,2.39135,2024-06-23,2
27.75015,2.38565,2020-02-24,3
27.75015,2.38555,2020-02-24,3
27.75015,2.38545,2020-02-24,3
27.75015,2.38535,2021-01-01,3
27.75015,2.38505,2022-11-11,3
27.75015,2.38495,2022-11-11,3
27.75015,2.38485,2022-04-09,3
27.75015,2.38475,2022-10-06,3
27.75015,2.38465,2022-10-06,3
27.75015,2.38455,2022-10-06,3
27.75015,2.38445,2022-10-06,3
27.75015,2.38435,2022-10-06,3
27.75015,2.38425,2022-12-17,3
27.75015,2.38415,2023-01-10,3
27.75015,2.38405,2023-01-10,3
27.75015,2.30465,2019-01-31,3
27.75015,2.30455,2019-01-31,3
27.75015,2.29695,2024-04-27,3
27.75015,2.29685,2024-04-27,3
27.75015,2.29675,2022-06-13,3
27.75015,2.29585,2023-05-27,3
27.75015,2.29575,2023-03-04,3
27.75015,2.29565,2023-03-04,3
27.75015,2.29555,2023-01-15,3
27.75015,2.2954499999999998,2023-02-20,4
27.75015,2.29535,2023-02-20,4
27.75015,2.29525,2023-02-27,3
27.75015,2.29515,2023-08-07,3
27.75015,2.24875,2022-10-06,3
27.75015,2.24865,2024-01-29,3
27.75015,2.24855,2024-01-29,3
27.75015,2.23595,2021-03-11,3
27.75015,2.23585,2021-03-11,3
27.75015,2.22515,2024-01-29,3
27.75015,2.22505,2024-01-29,3
27.75015,2.21825,2024-03-04,3
27.75015,2.21815,2024-03-04,3
27.75015,2.21805,2024-03-04,3
27.75015,2.17575,2023-02-16,3
27.75015,2.17565,2023-02-16,3
27.75015,2.17555,2023-02-16,3
27.75015,2.17545,2023-02-16,3
27.75015,2.17535,2023-02-16,3
27.75015,2.17525,2023-04-02,3
27.75015,2.17515,2023-04-02,3
27.75015,2.17505,2023-04-02,3
27.75015,2.16825,2024-03-28,3
27.75015,2.16815,2024-03-28,3
27.75015,2.16805,2024-03-28,3
27.75015,2.16675,2021-03-11,3
27.75015,2.1666499999999997,2021-03-11,3
27.75015,2.16655,2021-03-11,3
27.75015,2.16645,2023-02-03,3
27.75015,2.16635,2023-02-03,3
27.75015,2.16575,2023-04-02,3
27.75015,2.16565,2023-04-02,3
27.75015,2.16555,2023-04-02,3
27.75015,2.16425,2019-02-12,3
27.75015,2.16415,2019-02-12,3
27.75015,2.16405,2019-01-19,3
27.75015,2.16385,2019-05-31,3
27.75015,2.16375,2019-05-31,3
27.75015,2.16365,2019-03-08,3
27.75015,2.16355,2019-03-08,3
27.75015,2.16345,2019-03-08,3
27.75015,2.16335,2019-02-24,3
27.75015,2.16325,2019-01-31,3
27.75015,2.16315,2019-02-12,3
27.75015,2.16305,2019-03-08,3
27.75015,2.16295,2019-03-08,3
27.75015,2.16285,2019-03-08,3
27.75015,2.16275,2019-07-06,3
27.75015,2.16265,2020-12-15,3
27.75015,2.16255,2020-05-13,3
27.75015,2.1624499999999998,2020-03-02,3
27.75015,2.16235,2020-03-02,3
27.75015,2.1622500000000002,2020-03-02,3
27.75015,2.16215,2020-03-02,3
27.75015,2.16205,2020-03-02,3
27.75015,2.16195,2020-03-02,3
27.75015,2.16185,2020-03-14,3
27.75015,2.16175,2020-03-14,3
27.75015,2.16165,2020-03-02,3
27.75015,2.16155,2020-03-02,3
27.75015,2.16145,2020-03-02,3
27.75015,2.16135,2020-03-02,3
27.75015,2.16125,2020-03-02,3
27.75015,2.16115,2020-03-02,3
27.75015,2.16105,2020-03-02,3
27.75015,2.16095,2020-03-14,3
27.75015,2.16085,2020-03-14,3
27.75015,2.16075,2020-03-14,3
27.75015,2.16065,2020-05-13,3
27.75015,2.15805,2019-03-08,3
27.75015,2.15795,2019-02-24,3
27.75015,2.15785,2019-02-24,3
27.75015,2.14185,2022-05-27,3
27.75015,2.14175,2022-02-08,4
27.75015,2.14165,2022-02-08,4
27.75015,2.14155,2022-02-08,4
27.75015,2.14145,2022-02-08,4
27.75015,2.14135,2022-02-20,4
27.75015,2.14125,2022-02-20,4
27.75015,2.14115,2022-05-10,3
27.75015,2.14105,2022-05-10,3
27.75015,2.14095,2022-05-10,3
27.75015,2.14085,2022-05-10,3
27.75015,2.14075,2023-05-05,3
27.75015,2.14065,2023-05-05,3
27.75015,2.14055,2023-05-05,3
27.75015,2.10115,2022-01-27,3
27.75015,2.10105,2022-02-08,3
27.75015,2.10095,2022-02-08,3
27.75015,2.10085,2020-07-12,3
27.75015,2.10075,2020-07-12,3
27.75015,2.10065,2020-07-12,3
27.75015,2.10055,2020-06-06,3
27.75015,2.10045,2020-06-06,3
27.75015,2.10025,2023-02-27,3
27.75015,2.09845,2021-03-11,3
27.75015,2.09835,2021-03-11,3
27.75015,2.09795,2022-03-04,3
27.75015,2.09785,2022-03-04,3
27.75015,2.09775,2022-03-04,3
27.75015,2.09595,2021-12-10,3
27.75015,2.09585,2023-03-23,3
27.75015,2.07415,2024-01-29,3
27.75015,2.07405,2022-05-15,3
27.75015,2.07395,2022-04-09,3
27.75015,2.07385,2022-03-16,3
27.75015,2.07375,2023-05-05,4
27.75015,2.0736499999999998,2023-05-05,4
27.75015,2.07355,2023-05-05,4
27.75015,2.07345,2023-01-05,3
27.75015,2.07335,2023-01-05,3
27.75015,2.07325,2023-05-04,3
27.75015,2.07315,2023-05-04,3
27.75015,2.07305,2023-05-04,3
27.75015,2.07265,2019-02-24,3
27.75015,2.07255,2019-02-24,3
27.75015,2.07245,2019-02-12,3
27.75015,2.07235,2019-02-12,3
27.75015,2.07225,2019-02-12,3
27.75015,2.07215,2019-01-31,3
27.75015,2.07205,2019-01-31,3
27.75015,2.07045,2020-03-26,3
27.75015,2.07035,2020-03-26,3
27.75015,2.07025,2020-04-19,3
27.75015,2.07015,2020-07-24,3
27.75015,2.07005,2022-02-08,3
27.75015,2.06995,2023-05-04,3
27.75015,2.0698499999999997,2023-05-04,3
27.75015,2.06965,2022-02-08,3
27.75015,2.06955,2022-03-16,3
27.75015,2.06945,2023-04-02,3
27.75015,2.06935,2023-04-02,3
27.75015,2.06925,2022-01-27,3
27.75015,2.06915,2022-01-27,3
27.75015,2.06905,2022-02-08,3
27.75015,2.06895,2022-02-08,3
27.75015,2.06885,2022-02-08,3
27.75015,2.06875,2022-02-08,3
27.75015,2.06865,2022-02-08,3
27.75015,2.06855,2022-02-08,3
27.75015,2.06845,2022-02-08,4
27.75015,2.06835,2022-02-08,4
27.75015,2.06825,2022-02-08,4
27.75015,2.06815,2022-01-27,4
27.75015,2.06805,2022-01-27,4
27.75015,2.0679499999999997,2022-05-10,3
27.75015,2.06785,2022-05-10,3
27.75015,2.06775,2023-04-10,3
27.75015,2.06765,2020-03-14,4
27.75015,2.0675499999999998,2020-03-14,4
27.75015,2.06745,2020-03-14,3
27.75015,2.06735,2020-03-14,3
27.75015,2.06725,2020-03-14,3
27.75015,2.06715,2020-03-14,3
27.75015,2.06705,2020-03-14,3
27.75015,2.06695,2020-03-14,3
27.75015,2.06685,2021-02-01,3
27.75015,2.06595,2023-04-02,3
27.75015,2.06585,2023-04-02,3
27.75015,2.06545,2024-02-10,3
27.75015,2.06535,2024-02-10,3
27.75015,2.06525,2022-01-15,3
27.75015,2.06515,2022-01-27,3
27.75015,2.06505,2024-03-05,3
27.75015,2.06495,2024-03-05,3
27.75015,2.05435,2022-02-20,3
27.75015,2.05425,2022-01-27,3
27.75015,2.05415,2022-01-27,3
27.75015,2.05405,2022-01-27,3
27.75015,2.05395,2022-01-27,4
27.75015,2.0538499999999997,2022-01-27,4
27.75015,2.05375,2022-01-27,4
27.75015,2.05365,2022-02-08,4
27.75015,2.05355,2022-02-18,3
27.75015,2.0534499999999998,2022-02-19,3
27.75015,2.05335,2022-02-19,3
27.75015,2.04665,2019-03-20,3
27.75015,2.04645,2019-03-20,3
27.75015,2.04635,2019-03-20,3
27.75015,2.04595,2019-03-08,3
27.75015,2.04585,2019-03-08,3
27.75015,2.04575,2019-04-01,3
27.75015,2.03695,2024-05-04,3
27.75015,2.03685,2023-06-15,3
27.75015,2.03675,2023-02-27,3
27.75015,2.03665,2023-02-03,3
27.75015,2.03655,2023-02-03,3
27.75015,2.03645,2022-12-29,3
27.75015,2.03635,2021-02-13,3
27.75015,2.03625,2021-02-13,3
27.75015,2.03615,2021-02-13,3
27.75015,2.03575,2023-01-22,3
27.75015,2.03345,2021-02-13,3
27.75015,2.03335,2020-06-06,3
27.75015,2.03325,2020-03-02,3
27.75015,2.03315,2020-01-14,3
27.75015,2.03305,2020-01-14,3
27.75015,2.03295,2020-08-17,3
27.75015,2.03285,2021-02-01,3
27.75015,2.03275,2021-02-01,3
27.75015,2.03265,2021-10-11,3
27.75015,2.02995,2023-03-23,3
27.75015,2.02985,2022-02-08,3
27.75015,2.02975,2022-02-08,3
27.75015,2.02965,2022-02-08,3
27.75015,2.02955,2022-02-08,3
27.75015,2.02475,2023-05-21,3
27.75015,2.02465,2023-05-21,3
27.75015,2.02455,2023-05-21,3
27.75015,2.02445,2023-05-05,3
27.75015,2.02435,2023-05-05,3
27.75015,2.02115,2022-03-16,3
27.75015,2.02105,2022-03-16,3
27.75015,2.02095,2022-03-04,3
27.75015,2.02085,2022-03-16,3
27.75015,2.02075,2022-03-28,3
27.75015,1.89975,2022-09-24,3
27.75015,1.8996499999999998,2022-09-24,3
27.75015,1.89955,2023-04-28,3
27.75015,1.8994499999999999,2023-05-22,3
27.75015,1.89935,2023-05-22,3
27.75015,1.8992499999999999,2023-05-22,3
27.75015,1.8409499999999999,2024-08-08,2
27.75015,1.84085,2023-02-27,3
27.75015,1.8407499999999999,2023-02-27,3
27.75015,1.8406500000000001,2023-02-15,3
27.75015,1.84055,2023-02-03,3
27.75015,1.84045,2023-02-03,3
27.75015,1.84035,2023-02-15,3
27.75015,1.84025,2023-08-14,3
27.75015,1.84015,2024-01-05,3
27.75015,1.84005,2023-12-24,3
27.75015,1.83995,2024-03-29,3
27.75015,1.83965,2023-12-24,3
27.75015,1.82105,2022-10-30,3
27.75015,1.8209499999999998,2022-11-11,3
27.75015,1.82085,2022-11-11,3
27.75015,1.8207499999999999,2022-11-23,3
27.75015,1.82065,2022-12-29,3
27.75015,1.81785,2022-08-19,3
27.75015,1.81775,2022-08-19,3
27.75015,1.81375,2023-01-10,3
27.75015,1.81365,2022-12-17,3
27.75015,1.81355,2022-12-17,3
27.75015,1.81345,2022-11-23,3
27.75015,1.81335,2022-12-17,3
27.75015,1.81325,2023-02-27,3
27.75015,1.8129499999999998,2022-10-24,3
27.75015,1.81285,2022-10-24,4
27.75015,1.8127499999999999,2022-10-24,4
27.75015,1.81265,2022-10-24,4
27.75015,1.8125499999999999,2022-10-24,4
27.75015,1.8124500000000001,2022-10-30,3
27.75015,1.81235,2022-10-30,3
27.75015,1.81225,2022-10-30,3
27.75015,1.81215,2022-10-30,3
27.75015,1.81205,2022-12-29,3
27.75015,1.81195,2022-10-24,3
27.75015,1.81185,2022-10-24,3
27.75015,1.81175,2023-05-05,3
27.75015,1.81165,2023-05-05,3
27.75015,1.81155,2023-05-05,3
27.75015,1.80485,2024-01-17,3
27.75015,1.8047499999999999,2024-01-05,3
27.75015,1.80465,2024-01-05,3
27.75015,1.73975,2024-05-06,2
27.75015,1.73965,2024-05-06,2
27.75015,1.73955,2024-05-06,2
27.75015,1.73945,2024-01-08,3
27.75015,1.73935,2024-01-08,3
27.75015,1.72045,2024-03-28,3
27.75015,1.7203499999999998,2024-03-28,3
27.75015,1.64875,2024-05-31,3
27.75015,1.64865,2024-05-31,3
27.75015,1.64855,2024-05-31,3
27.75015,1.64745,2024-08-11,2
27.75015,1.6473499999999999,2024-08-11,2
27.75015,1.64695,2024-09-11,2
27.75015,1.64685,2024-09-11,2
27.75015,1.64675,2024-08-02,3
27.75015,1.64665,2024-08-02,3
27.75015,1.64655,2024-08-02,3
27.75015,1.64645,2024-05-31,3
27.75015,1.64635,2024-05-31,3
27.75015,1.64625,2024-05-06,3
27.75015,1.64615,2024-05-06,3
27.75015,1.64605,2024-05-06,3
27.75015,1.64595,2024-05-06,3
27.75015,1.6458499999999998,2024-05-06,3
27.75015,1.44045,2024-04-29,3
27.75015,1.44035,2024-04-29,3
27.75015,1.44025,2023-08-17,3
27.75015,1.44015,2023-08-17,3
27.75015,1.44005,2023-08-17,3
27.75015,1.4399499999999998,2023-08-17,3
27.75015,1.4398499999999999,2023-08-17,3
27.75015,1.4397499999999999,2023-08-17,3
27.75015,1.4396499999999999,2023-08-17,3
27.75015,1.4395499999999999,2023-01-10,4
27.75015,1.43945,2023-01-05,4
27.75015,1.43935,2023-01-05,4
27.75015,1.43925,2023-01-05,4
27.75015,1.43915,2023-01-05,4
27.75015,1.43905,2023-01-05,4
27.75015,1.43895,2022-12-29,4
27.75015,1.43885,2022-12-29,4
27.75015,1.43875,2022-12-29,4
27.75015,1.43865,2022-12-29,4
27.75015,1.43855,2022-12-29,4
27.75015,1.43845,2023-02-27,4
27.75015,1.43835,2023-04-19,4
27.75015,1.4055499999999999,2024-08-08,3
27.75015,1.4054499999999999,2023-12-24,3
27.75015,1.4053499999999999,2024-02-10,3
27.75015,1.4052499999999999,2023-11-06,3
27.75015,1.40515,2023-11-06,3
27.75015,1.30575,2023-12-24,3
27.75015,1.29975,2023-01-10,3
27.75015,1.29965,2023-01-10,3
27.75015,1.29955,2023-01-10,3
27.75015,1.29945,2023-01-10,3
27.75015,1.29935,2022-12-17,3
27.75015,1.29925,2022-10-01,4
27.75015,1.29915,2022-09-24,4
27.75015,1.29905,2022-08-31,4
27.75015,1.29895,2022-08-31,4
27.75015,1.2988499999999998,2022-09-12,4
27.75015,1.2987499999999998,2022-09-12,3
27.75015,1.2986499999999999,2022-09-12,3
27.75015,1.2985499999999999,2022-09-12,3
27.75015,1.2984499999999999,2022-09-12,3
27.75015,1.29835,2024-01-05,3
27.75025,2.49195,2021-02-13,3
27.75025,2.49185,2020-10-04,3
27.75025,2.49175,2020-10-04,3
27.75025,2.49165,2020-02-24,3
27.75025,2.49155,2020-03-02,3
27.75025,2.49145,2020-03-02,3
27.75025,2.49135,2020-03-02,3
27.75025,2.49125,2020-03-02,3
27.75025,2.49115,2020-03-02,3
27.75025,2.49105,2020-03-02,3
27.75025,2.47895,2022-05-15,3
27.75025,2.47885,2022-05-15,3
27.75025,2.47875,2022-05-08,3
27.75025,2.46865,2021-06-25,3
27.75025,2.46855,2021-06-30,3
27.75025,2.46645,2021-02-18,4
27.75025,2.46635,2021-02-18,4
27.75025,2.46625,2021-02-25,3
27.75025,2.46615,2021-03-02,3
27.75025,2.46605,2022-04-02,3
27.75025,2.46075,2021-06-25,3
27.75025,2.44545,2021-03-28,3
27.75025,2.44535,2021-03-28,3
27.75025,2.41325,2023-04-18,3
27.75025,2.41315,2023-04-18,3
27.75025,2.41305,2023-04-18,3
27.75025,2.41295,2023-02-06,3
27.75025,2.41285,2023-02-06,3
27.75025,2.41275,2023-04-02,3
27.75025,2.41265,2023-04-02,3
27.75025,2.41255,2023-04-02,3
27.75025,2.40995,2021-03-19,3
27.75025,2.40985,2021-03-19,3
27.75025,2.40685,2022-04-14,3
27.75025,2.40675,2022-03-09,3
27.75025,2.40665,2022-03-09,3
27.75025,2.40655,2022-02-20,3
27.75025,2.40645,2022-02-20,3
27.75025,2.40435,2023-02-08,3
27.75025,2.40425,2023-02-08,3
27.75025,2.40415,2022-11-28,3
27.75025,2.40405,2022-11-16,3
27.75025,2.38565,2020-02-24,3
27.75025,2.38555,2020-02-24,3
27.75025,2.38545,2020-02-24,3
27.75025,2.38535,2020-12-20,3
27.75025,2.38525,2020-12-20,3
27.75025,2.38515,2022-11-11,3
27.75025,2.38505,2022-11-11,3
27.75025,2.38495,2022-11-11,3
27.75025,2.38485,2022-11-11,3
27.75025,2.38475,2022-10-06,3
27.75025,2.38465,2022-10-06,3
27.75025,2.38455,2022-10-06,3
27.75025,2.37225,2024-03-04,3
27.75025,2.37215,2024-03-04,3
27.75025,2.3720499999999998,2024-03-04,3
27.75025,2.36175,2023-04-02,3
27.75025,2.36165,2023-04-02,3
27.75025,2.36155,2023-04-02,3
27.75025,2.35325,2021-03-11,3
27.75025,2.35315,2021-03-11,3
27.75025,2.35305,2021-03-11,3
27.75025,2.29665,2019-03-01,3
27.75025,2.29655,2019-02-05,3
27.75025,2.29575,2023-03-04,3
27.75025,2.29565,2023-02-20,3
27.75025,2.29555,2023-02-03,3
27.75025,2.2954499999999998,2023-04-28,4
27.75025,2.29535,2023-02-20,4
27.75025,2.29525,2023-02-20,3
27.75025,2.29515,2023-08-07,3
27.75025,2.22545,2024-01-29,3
27.75025,2.22535,2024-01-29,3
27.75025,2.22525,2024-01-29,3
27.75025,2.22515,2024-01-29,3
27.75025,2.22505,2024-02-10,3
27.75025,2.21985,2024-02-10,3
27.75025,2.21975,2024-02-10,3
27.75025,2.17525,2023-04-02,3
27.75025,2.17515,2023-04-02,3
27.75025,2.17505,2023-04-02,3
27.75025,2.16725,2024-03-28,3
27.75025,2.16715,2024-03-28,3
27.75025,2.16705,2024-03-28,3
27.75025,2.16695,2021-03-20,3
27.75025,2.16685,2021-03-20,3
27.75025,2.1666499999999997,2022-05-03,3
27.75025,2.16655,2022-05-03,3
27.75025,2.16645,2021-03-11,3
27.75025,2.16635,2021-03-11,3
27.75025,2.16625,2022-05-10,3
27.75025,2.16615,2022-05-10,3
27.75025,2.16605,2022-05-10,3
27.75025,2.16595,2023-04-02,3
27.75025,2.16585,2023-04-02,3
27.75025,2.16375,2019-07-30,3
27.75025,2.16365,2019-10-10,3
27.75025,2.16355,2019-09-28,3
27.75025,2.16335,2021-02-01,3
27.75025,2.16325,2019-09-28,3
27.75025,2.16315,2019-02-12,3
27.75025,2.16305,2019-09-28,3
27.75025,2.16295,2019-06-24,3
27.75025,2.16285,2019-06-24,3
27.75025,2.16275,2019-07-06,3
27.75025,2.16265,2020-11-21,3
27.75025,2.16255,2020-11-21,3
27.75025,2.1624499999999998,2020-03-02,3
27.75025,2.16235,2020-03-02,3
27.75025,2.1622500000000002,2020-03-02,3
27.75025,2.16215,2020-03-02,3
27.75025,2.16205,2020-03-02,3
27.75025,2.16195,2020-03-02,3
27.75025,2.16185,2020-03-02,3
27.75025,2.16175,2020-03-26,3
27.75025,2.16165,2020-03-02,3
27.75025,2.16155,2020-03-02,3
27.75025,2.16145,2020-03-26,3
27.75025,2.16135,2020-03-02,3
27.75025,2.16125,2020-03-02,3
27.75025,2.16115,2020-03-02,3
27.75025,2.16105,2020-03-02,3
27.75025,2.16095,2020-03-02,3
27.75025,2.16085,2020-03-26,3
27.75025,2.16075,2020-05-13,3
27.75025,2.16065,2022-12-29,3
27.75025,2.14195,2022-05-27,3
27.75025,2.14185,2022-03-28,3
27.75025,2.14175,2022-02-08,3
27.75025,2.14165,2022-02-08,3
27.75025,2.14155,2022-02-08,3
27.75025,2.14145,2022-02-20,4
27.75025,2.14135,2022-02-20,4
27.75025,2.14125,2022-01-27,4
27.75025,2.14115,2022-01-27,4
27.75025,2.14105,2022-02-10,4
27.75025,2.10115,2022-01-27,3
27.75025,2.10105,2021-06-25,3
27.75025,2.10095,2022-02-08,3
27.75025,2.10085,2020-07-24,3
27.75025,2.10075,2020-05-13,3
27.75025,2.10065,2020-05-13,3
27.75025,2.10055,2020-05-13,3
27.75025,2.10045,2020-05-13,3
27.75025,2.10025,2023-03-11,3
27.75025,2.10015,2023-02-27,3
27.75025,2.09595,2022-03-16,3
27.75025,2.07425,2022-04-21,3
27.75025,2.07415,2022-05-15,3
27.75025,2.07405,2022-02-08,3
27.75025,2.07395,2022-04-09,3
27.75025,2.07385,2022-03-16,3
27.75025,2.07375,2024-02-22,3
27.75025,2.0736499999999998,2024-02-22,3
27.75025,2.07275,2019-02-24,3
27.75025,2.07265,2019-02-12,3
27.75025,2.07255,2019-02-12,3
27.75025,2.07245,2019-02-12,3
27.75025,2.07235,2019-02-12,3
27.75025,2.07225,2019-02-12,3
27.75025,2.06925,2022-01-27,3
27.75025,2.06915,2022-01-27,3
27.75025,2.06905,2022-01-27,3
27.75025,2.06895,2022-02-08,3
27.75025,2.06885,2022-02-08,3
27.75025,2.06875,2022-03-16,3
27.75025,2.06865,2022-02-08,3
27.75025,2.06855,2022-02-08,3
27.75025,2.06825,2022-05-10,3
27.75025,2.06815,2022-05-10,3
27.75025,2.06805,2022-05-10,3
27.75025,2.06555,2024-02-10,3
27.75025,2.06545,2024-02-10,3
27.75025,2.06535,2024-02-10,3
27.75025,2.06525,2024-02-10,3
27.75025,2.06515,2024-01-05,3
27.75025,2.05435,2022-02-20,3
27.75025,2.05425,2022-02-20,4
27.75025,2.05415,2022-01-27,4
27.75025,2.05405,2022-01-27,4
27.75025,2.05395,2022-01-27,3
27.75025,2.0538499999999997,2022-01-27,3
27.75025,2.05375,2022-02-08,4
27.75025,2.05365,2022-02-08,4
27.75025,2.05355,2022-02-10,3
27.75025,2.0534499999999998,2022-06-02,3
27.75025,2.05335,2022-06-02,3
27.75025,2.04795,2022-05-10,3
27.75025,2.04785,2022-05-10,3
27.75025,2.04675,2019-03-08,3
27.75025,2.04665,2019-03-20,3
27.75025,2.04655,2019-03-20,3
27.75025,2.04645,2019-03-20,3
27.75025,2.04635,2019-03-20,3
27.75025,2.04595,2019-09-16,3
27.75025,2.04585,2019-09-16,3
27.75025,2.04575,2019-04-01,3
27.75025,2.03835,2024-04-22,3
27.75025,2.03695,2023-06-15,3
27.75025,2.03685,2023-05-22,3
27.75025,2.03675,2023-02-03,3
27.75025,2.03665,2023-02-03,3
27.75025,2.03655,2023-02-03,3
27.75025,2.03645,2022-12-29,3
27.75025,2.03635,2023-01-22,3
27.75025,2.03625,2023-04-28,3
27.75025,2.03585,2023-01-22,3
27.75025,2.03575,2023-01-22,3
27.75025,2.03565,2023-01-10,3
27.75025,2.0355499999999997,2023-01-10,3
27.75025,2.03335,2021-02-13,3
27.75025,2.03325,2020-03-02,3
27.75025,2.03315,2020-01-14,3
27.75025,2.03305,2020-04-19,3
27.75025,2.03295,2021-02-01,3
27.75025,2.03285,2021-02-01,3
27.75025,2.03275,2021-10-11,3
27.75025,2.03025,2023-07-21,3
27.75025,2.03015,2022-03-04,3
27.75025,2.03005,2022-03-04,3
27.75025,2.02995,2024-08-27,3
27.75025,2.02985,2024-08-27,3
27.75025,2.02975,2024-08-27,2
27.75025,2.02965,2024-08-27,2
27.75025,2.02955,2024-08-27,2
27.75025,1.89975,2022-09-24,3
27.75025,1.8996499999999998,2022-12-29,3
27.75025,1.89955,2022-12-29,3
27.75025,1.8994499999999999,2023-05-22,3
27.75025,1.89935,2023-05-22,3
27.75025,1.84085,2024-08-20,2
27.75025,1.8407499999999999,2023-09-19,3
27.75025,1.8406500000000001,2023-02-15,3
27.75025,1.84055,2023-06-15,3
27.75025,1.84045,2023-06-27,3
27.75025,1.84035,2023-08-14,3
27.75025,1.84025,2023-08-14,3
27.75025,1.84015,2023-08-14,3
27.75025,1.84005,2023-12-24,3
27.75025,1.83995,2023-12-24,3
27.75025,1.83985,2024-01-05,3
27.75025,1.83975,2024-01-05,3
27.75025,1.83965,2023-12-24,3
27.75025,1.83955,2023-12-24,3
27.75025,1.82105,2022-10-30,3
27.75025,1.8209499999999998,2022-10-30,3
27.75025,1.82085,2022-10-30,3
27.75025,1.8207499999999999,2022-08-19,3
27.75025,1.82065,2022-10-30,3
27.75025,1.82055,2022-12-29,3
27.75025,1.81805,2024-02-22,3
27.75025,1.81795,2024-02-22,3
27.75025,1.81785,2022-07-26,3
27.75025,1.81775,2022-07-14,3
27.75025,1.81765,2022-08-19,3
27.75025,1.81385,2023-01-10,3
27.75025,1.81375,2022-12-17,3
27.75025,1.81365,2022-12-17,3
27.75025,1.81355,2022-11-11,3
27.75025,1.81345,2022-11-11,3
27.75025,1.81335,2022-12-05,3
27.75025,1.81325,2022-10-24,4
27.75025,1.8131499999999998,2022-10-24,3
27.75025,1.81305,2022-10-24,3
27.75025,1.8129499999999998,2022-10-24,3
27.75025,1.81285,2022-10-24,3
27.75025,1.8127499999999999,2021-10-23,4
27.75025,1.81265,2021-10-17,4
27.75025,1.8125499999999999,2021-10-17,4
27.75025,1.8124500000000001,2022-10-30,4
27.75025,1.81235,2022-09-24,4
27.75025,1.81225,2022-09-24,4
27.75025,1.81215,2022-09-24,4
27.75025,1.81205,2022-09-24,4
27.75025,1.81195,2022-09-24,4
27.75025,1.81185,2022-10-24,3
27.75025,1.8047499999999999,2024-01-05,3
27.75025,1.73945,2024-01-07,3
27.75025,1.73935,2024-01-07,3
27.75025,1.64675,2024-08-02,3
27.75025,1.64665,2024-08-02,3
27.75025,1.64655,2024-08-02,3
27.75025,1.64645,2024-08-02,3
27.75025,1.64635,2024-08-02,3
27.75025,1.44075,2023-09-26,3
27.75025,1.44065,2023-09-26,3
27.75025,1.44055,2023-09-26,3
27.75025,1.44045,2023-08-17,3
27.75025,1.44035,2023-08-17,3
27.75025,1.44025,2023-08-17,3
27.75025,1.44015,2023-08-17,3
27.75025,1.44005,2023-08-17,3
27.75025,1.4399499999999998,2023-08-17,3
27.75025,1.4398499999999999,2023-08-17,3
27.75025,1.4397499999999999,2023-08-17,3
27.75025,1.4396499999999999,2023-01-10,4
27.75025,1.4395499999999999,2023-01-10,4
27.75025,1.43945,2023-01-05,4
27.75025,1.43935,2023-01-05,4
27.75025,1.43925,2023-01-05,4
27.75025,1.43915,2023-01-05,4
27.75025,1.43905,2023-01-05,4
27.75025,1.43895,2022-12-29,4
27.75025,1.43885,2022-12-29,4
27.75025,1.43875,2022-12-29,4
27.75025,1.43865,2022-12-29,4
27.75025,1.43855,2022-12-29,4
27.75025,1.43845,2023-04-19,4
27.75025,1.43835,2023-04-19,4
27.75025,1.4056499999999998,2024-07-27,3
27.75025,1.4055499999999999,2023-12-24,3
27.75025,1.4054499999999999,2023-12-24,3
27.75025,1.4053499999999999,2023-12-24,3
27.75025,1.4052499999999999,2023-12-24,3
27.75025,1.40515,2023-11-06,3
27.75025,1.29975,2023-01-10,3
27.75025,1.29965,2023-01-10,3
27.75025,1.29955,2023-01-10,3
27.75025,1.29945,2023-01-10,3
27.75025,1.29935,2022-12-17,3
27.75025,1.29925,2023-01-10,4
27.75025,1.29915,2022-09-24,4
27.75025,1.29905,2022-09-12,4
27.75025,1.29895,2022-09-12,3
27.75025,1.2988499999999998,2022-09-12,3
27.75025,1.2987499999999998,2022-09-12,3
27.75025,1.2986499999999999,2022-09-12,3
27.75025,1.2985499999999999,2022-09-12,3
27.75025,1.2984499999999999,2022-12-17,3
27.75035,2.49195,2021-02-25,3
27.75035,2.49185,2020-10-04,3
27.75035,2.49175,2020-10-04,3
27.75035,2.49165,2020-03-02,3
27.75035,2.49155,2020-03-02,3
27.75035,2.49145,2020-01-26,3
27.75035,2.49135,2020-03-07,3
27.75035,2.49125,2020-03-02,3
27.75035,2.49115,2020-03-02,3
27.75035,2.49105,2020-03-02,3
27.75035,2.46885,2021-03-26,3
27.75035,2.46875,2021-03-26,3
27.75035,2.46865,2021-03-26,3
27.75035,2.46855,2021-06-25,3
27.75035,2.46645,2021-02-01,4
27.75035,2.46635,2021-02-01,4
27.75035,2.46625,2020-03-14,3
27.75035,2.46615,2020-03-14,3
27.75035,2.46605,2021-06-30,3
27.75035,2.44545,2021-03-28,3
27.75035,2.44535,2021-03-28,3
27.75035,2.41325,2023-04-18,3
27.75035,2.41315,2023-04-18,3
27.75035,2.41305,2023-04-18,3
27.75035,2.41295,2023-02-06,3
27.75035,2.41285,2023-02-06,3
27.75035,2.41275,2023-04-02,3
27.75035,2.41265,2023-04-02,3
27.75035,2.41255,2023-04-02,3
27.75035,2.40995,2021-03-19,3
27.75035,2.40985,2021-03-19,3
27.75035,2.40685,2022-04-02,3
27.75035,2.40675,2022-03-09,3
27.75035,2.40665,2022-02-08,3
27.75035,2.40655,2022-05-20,3
27.75035,2.40645,2022-06-20,3
27.75035,2.40435,2023-02-08,3
27.75035,2.40425,2022-11-04,3
27.75035,2.40415,2022-11-04,3
27.75035,2.40405,2022-09-05,3
27.75035,2.40375,2022-08-12,3
27.75035,2.38565,2020-01-31,3
27.75035,2.38555,2020-02-24,3
27.75035,2.38545,2020-02-24,3
27.75035,2.38535,2020-01-26,3
27.75035,2.38525,2020-09-03,3
27.75035,2.38515,2023-02-27,3
27.75035,2.38505,2023-02-27,3
27.75035,2.38495,2023-02-15,3
27.75035,2.38485,2023-02-15,3
27.75035,2.38475,2023-02-15,3
27.75035,2.38465,2023-01-22,3
27.75035,2.38455,2022-12-17,3
27.75035,2.37225,2024-03-04,3
27.75035,2.37215,2024-03-04,3
27.75035,2.3720499999999998,2024-03-04,3
27.75035,2.36175,2023-04-02,3
27.75035,2.36165,2023-04-02,3
27.75035,2.36155,2023-04-02,3
27.75035,2.35325,2021-03-11,3
27.75035,2.35315,2021-03-11,3
27.75035,2.35305,2021-03-11,3
27.75035,2.29665,2019-06-29,3
27.75035,2.29655,2019-06-05,3
27.75035,2.29645,2019-02-17,3
27.75035,2.29635,2019-02-17,3
27.75035,2.29565,2023-03-04,3
27.75035,2.29555,2023-04-04,3
27.75035,2.2954499999999998,2023-03-16,4
27.75035,2.29535,2023-02-20,4
27.75035,2.29525,2023-02-20,3
27.75035,2.29515,2023-06-03,3
27.75035,2.29505,2023-06-08,3
27.75035,2.22535,2024-01-29,3
27.75035,2.22525,2024-01-29,3
27.75035,2.22515,2024-01-29,3
27.75035,2.22505,2024-02-10,3
27.75035,2.21985,2024-02-10,3
27.75035,2.21975,2024-02-10,3
27.75035,2.17525,2023-04-02,3
27.75035,2.17515,2023-04-02,3
27.75035,2.17505,2023-04-02,3
27.75035,2.16725,2024-03-28,3
27.75035,2.16715,2024-03-28,3
27.75035,2.16705,2024-03-28,3
27.75035,2.16695,2021-03-20,3
27.75035,2.16685,2021-03-20,3
27.75035,2.1666499999999997,2022-04-21,3
27.75035,2.16655,2022-04-21,3
27.75035,2.16645,2021-03-11,3
27.75035,2.16635,2021-03-11,3
27.75035,2.16625,2022-05-10,3
27.75035,2.16615,2022-05-10,3
27.75035,2.16605,2022-05-10,3
27.75035,2.16595,2023-04-02,3
27.75035,2.16585,2023-04-02,3
27.75035,2.16365,2023-02-27,3
27.75035,2.16355,2021-02-13,3
27.75035,2.16345,2020-08-29,3
27.75035,2.16335,2020-04-19,3
27.75035,2.16325,2020-03-14,3
27.75035,2.16315,2020-05-01,3
27.75035,2.16305,2020-06-30,3
27.75035,2.16295,2020-07-12,3
27.75035,2.16285,2020-06-18,3
27.75035,2.16275,2020-11-21,3
27.75035,2.16265,2020-10-28,3
27.75035,2.16255,2020-08-17,3
27.75035,2.1624499999999998,2020-03-02,3
27.75035,2.16235,2020-03-02,3
27.75035,2.1622500000000002,2020-03-02,3
27.75035,2.16215,2020-03-02,3
27.75035,2.16205,2020-03-02,3
27.75035,2.16195,2020-03-02,3
27.75035,2.16185,2020-03-02,3
27.75035,2.16175,2020-03-02,3
27.75035,2.16165,2020-03-02,3
27.75035,2.16155,2020-03-02,3
27.75035,2.16145,2020-03-26,3
27.75035,2.16135,2020-03-26,3
27.75035,2.16125,2020-04-19,3
27.75035,2.16115,2020-04-19,3
27.75035,2.16105,2020-04-19,3
27.75035,2.16095,2020-08-17,3
27.75035,2.16085,2020-08-29,3
27.75035,2.16075,2020-11-09,3
27.75035,2.16065,2021-04-02,3
27.75035,2.1605499999999997,2021-02-01,3
27.75035,2.16045,2021-02-01,3
27.75035,2.16035,2021-02-25,3
27.75035,2.16025,2021-02-25,3
27.75035,2.15125,2019-03-20,3
27.75035,2.15115,2019-02-24,3
27.75035,2.15105,2019-03-08,3
27.75035,2.15095,2019-02-12,3
27.75035,2.15085,2019-02-24,3
27.75035,2.15075,2019-02-24,3
27.75035,2.15055,2019-03-20,3
27.75035,2.14195,2022-05-27,3
27.75035,2.14185,2022-03-28,3
27.75035,2.14175,2022-02-08,3
27.75035,2.14165,2022-02-08,3
27.75035,2.14155,2022-02-08,3
27.75035,2.14145,2022-02-08,4
27.75035,2.14135,2022-01-27,4
27.75035,2.14125,2022-01-27,4
27.75035,2.14115,2022-01-27,4
27.75035,2.14105,2022-02-10,4
27.75035,2.10115,2021-05-20,3
27.75035,2.10105,2021-06-13,3
27.75035,2.10095,2021-06-13,3
27.75035,2.10085,2020-05-13,3
27.75035,2.10075,2020-04-07,3
27.75035,2.10065,2020-04-19,3
27.75035,2.10055,2020-04-19,3
27.75035,2.10045,2020-05-13,3
27.75035,2.10035,2021-06-25,3
27.75035,2.10025,2023-03-11,3
27.75035,2.10015,2023-03-11,3
27.75035,2.09595,2023-03-23,3
27.75035,2.07435,2024-02-10,3
27.75035,2.07425,2024-01-29,3
27.75035,2.07415,2022-05-03,3
27.75035,2.07405,2022-05-15,3
27.75035,2.07395,2022-04-09,3
27.75035,2.07285,2019-02-24,3
27.75035,2.07275,2019-02-12,3
27.75035,2.07265,2019-02-12,3
27.75035,2.07255,2019-02-12,3
27.75035,2.07245,2019-02-12,3
27.75035,2.07235,2019-02-12,3
27.75035,2.07225,2019-02-12,3
27.75035,2.06925,2021-03-09,3
27.75035,2.06915,2022-01-27,3
27.75035,2.06905,2022-01-27,3
27.75035,2.06895,2022-03-16,3
27.75035,2.06885,2022-02-20,3
27.75035,2.06875,2022-02-20,3
27.75035,2.06865,2022-02-20,3
27.75035,2.06855,2022-02-20,3
27.75035,2.06825,2022-05-10,3
27.75035,2.06815,2022-05-10,3
27.75035,2.06805,2022-05-10,3
27.75035,2.06555,2024-02-10,3
27.75035,2.06545,2024-02-10,3
27.75035,2.06535,2024-02-10,3
27.75035,2.06525,2024-02-10,3
27.75035,2.05435,2022-05-27,3
27.75035,2.05425,2022-02-08,4
27.75035,2.05415,2022-01-27,4
27.75035,2.05405,2022-01-27,4
27.75035,2.05395,2022-01-27,3
27.75035,2.0538499999999997,2022-02-08,3
27.75035,2.05375,2022-02-08,4
27.75035,2.05365,2022-02-10,3
27.75035,2.05355,2022-02-10,3
27.75035,2.0534499999999998,2022-06-02,3
27.75035,2.05335,2022-06-02,3
27.75035,2.04795,2022-05-10,3
27.75035,2.04785,2022-05-10,3
27.75035,2.04685,2019-01-31,3
27.75035,2.04675,2019-01-31,3
27.75035,2.04665,2019-01-31,3
27.75035,2.04655,2019-03-20,3
27.75035,2.04645,2019-03-20,3
27.75035,2.04635,2019-03-20,3
27.75035,2.04595,2019-07-30,3
27.75035,2.04585,2019-07-30,3
27.75035,2.04575,2019-09-28,3
27.75035,2.03885,2024-05-16,3
27.75035,2.03865,2024-04-22,3
27.75035,2.03855,2024-04-22,3
27.75035,2.03845,2024-04-22,3
27.75035,2.03835,2024-04-22,3
27.75035,2.0374499999999998,2024-03-29,3
27.75035,2.03735,2024-03-17,3
27.75035,2.0372500000000002,2024-01-05,3
27.75035,2.03715,2024-01-05,3
27.75035,2.03705,2023-06-15,3
27.75035,2.03695,2023-05-22,3
27.75035,2.03685,2023-02-03,3
27.75035,2.03675,2023-02-03,3
27.75035,2.03665,2023-02-03,3
27.75035,2.03655,2023-02-03,3
27.75035,2.03645,2023-02-03,3
27.75035,2.03635,2023-01-22,3
27.75035,2.03625,2023-04-04,3
27.75035,2.03585,2023-01-22,3
27.75035,2.03575,2023-01-22,3
27.75035,2.03565,2023-01-10,3
27.75035,2.0355499999999997,2023-01-10,3
27.75035,2.03465,2021-03-09,3
27.75035,2.03335,2022-05-27,3
27.75035,2.03325,2021-05-20,3
27.75035,2.03315,2021-01-08,3
27.75035,2.03305,2021-02-01,3
27.75035,2.03295,2022-06-08,3
27.75035,2.03285,2023-01-22,3
27.75035,2.03025,2022-03-04,3
27.75035,2.03015,2022-03-04,3
27.75035,2.03005,2022-03-04,3
27.75035,2.02995,2024-08-27,3
27.75035,2.02985,2024-08-27,3
27.75035,2.02975,2024-08-27,2
27.75035,2.02965,2024-08-27,2
27.75035,2.02955,2024-08-27,2
27.75035,1.89975,2024-02-22,3
27.75035,1.8407499999999999,2024-02-10,3
27.75035,1.8406500000000001,2023-09-19,3
27.75035,1.84055,2023-06-27,3
27.75035,1.84045,2023-08-14,3
27.75035,1.84035,2023-08-14,3
27.75035,1.84025,2023-08-14,3
27.75035,1.84015,2023-08-14,3
27.75035,1.84005,2023-12-24,3
27.75035,1.83995,2023-12-24,3
27.75035,1.83985,2024-01-05,3
27.75035,1.83975,2024-01-05,3
27.75035,1.83965,2023-12-24,3
27.75035,1.82105,2024-10-07,2
27.75035,1.8209499999999998,2022-10-30,3
27.75035,1.82085,2022-10-30,3
27.75035,1.8207499999999999,2022-10-30,3
27.75035,1.82065,2022-10-30,3
27.75035,1.82055,2022-10-30,3
27.75035,1.8204500000000001,2022-10-30,3
27.75035,1.81795,2023-05-10,3
27.75035,1.81785,2022-08-19,3
27.75035,1.81775,2022-08-19,3
27.75035,1.81765,2022-08-19,3
27.75035,1.81385,2023-01-10,3
27.75035,1.81375,2022-12-17,3
27.75035,1.81365,2022-11-11,3
27.75035,1.81355,2022-11-11,3
27.75035,1.81345,2022-11-11,3
27.75035,1.81335,2022-11-23,3
27.75035,1.81325,2022-10-24,4
27.75035,1.8131499999999998,2022-10-24,3
27.75035,1.81305,2022-10-24,3
27.75035,1.8129499999999998,2022-10-24,3
27.75035,1.81285,2022-10-24,3
27.75035,1.8127499999999999,2021-10-23,4
27.75035,1.81265,2021-10-23,4
27.75035,1.8125499999999999,2021-10-17,4
27.75035,1.8124500000000001,2021-10-17,4
27.75035,1.81235,2022-09-24,4
27.75035,1.81225,2022-09-24,4
27.75035,1.81215,2022-09-24,4
27.75035,1.81205,2022-09-24,4
27.75035,1.81195,2022-09-12,4
27.75035,1.81185,2022-09-12,4
27.75035,1.81015,2022-12-17,3
27.75035,1.73945,2024-01-07,3
27.75035,1.73935,2024-01-07,3
27.75035,1.64675,2024-08-02,3
27.75035,1.64665,2024-08-02,3
27.75035,1.64655,2024-08-02,3
27.75035,1.64645,2024-08-02,3
27.75035,1.64635,2024-08-02,3
27.75035,1.56955,2022-10-30,3
27.75035,1.5694499999999998,2023-12-24,3
27.75035,1.44425,2024-01-29,3
27.75035,1.44415,2024-01-29,3
27.75035,1.44405,2024-01-29,3
27.75035,1.44275,2024-07-27,2
27.75035,1.44075,2023-09-26,3
27.75035,1.44065,2023-09-26,3
27.75035,1.44055,2023-09-26,3
27.75035,1.44045,2023-08-17,3
27.75035,1.44035,2023-08-17,3
27.75035,1.44025,2023-08-17,3
27.75035,1.44015,2023-08-17,3
27.75035,1.44005,2023-08-17,3
27.75035,1.4399499999999998,2023-08-17,3
27.75035,1.4398499999999999,2023-08-17,3
27.75035,1.4397499999999999,2023-01-10,4
27.75035,1.4396499999999999,2023-01-10,4
27.75035,1.4395499999999999,2023-01-10,4
27.75035,1.43945,2023-01-05,4
27.75035,1.43935,2023-01-05,4
27.75035,1.43925,2023-01-05,4
27.75035,1.43915,2023-01-05,4
27.75035,1.43905,2022-12-29,4
27.75035,1.43895,2022-12-29,4
27.75035,1.43885,2022-12-29,4
27.75035,1.43875,2022-12-29,4
27.75035,1.43865,2023-01-05,4
27.75035,1.43855,2023-01-05,4
27.75035,1.43845,2023-04-19,4
27.75035,1.43835,2023-04-19,3
27.75035,1.40575,2024-07-27,2
27.75035,1.4056499999999998,2024-07-15,3
27.75035,1.4055499999999999,2023-12-24,3
27.75035,1.4054499999999999,2023-12-24,3
27.75035,1.4053499999999999,2023-12-24,3
27.75035,1.4052499999999999,2023-12-24,3
27.75035,1.40515,2023-12-24,3
27.75035,1.30585,2022-06-20,3
27.75035,1.30575,2023-01-10,3
27.75035,1.29975,2023-01-10,3
27.75035,1.29965,2023-01-10,3
27.75035,1.29955,2023-01-10,3
27.75035,1.29945,2023-01-10,3
27.75035,1.29935,2022-12-17,3
27.75035,1.29925,2022-12-17,4
27.75035,1.29915,2022-12-29,4
27.75035,1.29905,2022-09-12,4
27.75035,1.29895,2022-09-12,3
27.75035,1.2988499999999998,2022-09-12,3
27.75035,1.2987499999999998,2022-09-12,3
27.75035,1.2986499999999999,2022-09-12,3
27.75035,1.2985499999999999,2022-09-12,3
27.75035,1.2984499999999999,2022-12-17,3
27.75045,2.49185,2020-10-04,3
27.75045,2.49175,2020-10-04,3
27.75045,2.49165,2020-04-07,3
27.75045,2.49155,2020-01-26,3
27.75045,2.49145,2020-01-26,3
27.75045,2.49135,2020-01-26,3
27.75045,2.49125,2020-01-26,3
27.75045,2.49115,2020-03-02,3
27.75045,2.49105,2020-01-26,3
27.75045,2.46895,2021-03-21,3
27.75045,2.46885,2021-03-21,3
27.75045,2.46875,2021-03-26,3
27.75045,2.46865,2021-03-26,3
27.75045,2.46855,2021-04-02,3
27.75045,2.46645,2020-08-17,4
27.75045,2.46635,2020-03-14,4
27.75045,2.46625,2020-03-14,3
27.75045,2.46615,2020-03-14,3
27.75045,2.46605,2020-06-11,3
27.75045,2.44545,2021-03-28,3
27.75045,2.44535,2021-03-28,3
27.75045,2.41325,2023-04-18,3
27.75045,2.41315,2023-04-18,3
27.75045,2.41305,2023-04-18,3
27.75045,2.41295,2023-02-06,3
27.75045,2.41285,2023-02-06,3
27.75045,2.41275,2023-04-02,3
27.75045,2.41265,2023-04-02,3
27.75045,2.41255,2023-04-02,3
27.75045,2.40995,2021-03-19,3
27.75045,2.40985,2021-03-19,3
27.75045,2.40695,2022-05-20,3
27.75045,2.40685,2022-04-02,3
27.75045,2.40675,2022-03-09,3
27.75045,2.40665,2022-05-20,3
27.75045,2.40655,2022-05-20,3
27.75045,2.40645,2022-06-20,3
27.75045,2.40425,2022-11-04,3
27.75045,2.40415,2022-11-04,3
27.75045,2.40405,2022-05-08,3
27.75045,2.40395,2022-05-08,3
27.75045,2.40385,2022-04-26,3
27.75045,2.40375,2022-09-05,3
27.75045,2.40365,2022-11-04,3
27.75045,2.38565,2020-01-31,3
27.75045,2.38555,2020-01-31,3
27.75045,2.38545,2020-01-26,3
27.75045,2.38535,2020-01-26,3
27.75045,2.38525,2020-09-03,3
27.75045,2.38515,2021-08-05,3
27.75045,2.38495,2023-02-27,3
27.75045,2.38485,2023-04-28,3
27.75045,2.38475,2024-01-05,3
27.75045,2.38465,2023-04-28,3
27.75045,2.38455,2023-01-22,3
27.75045,2.37225,2024-03-04,3
27.75045,2.37215,2024-03-04,3
27.75045,2.3720499999999998,2024-03-04,3
27.75045,2.36175,2023-04-02,3
27.75045,2.36165,2023-04-02,3
27.75045,2.36155,2023-04-02,3
27.75045,2.35325,2021-03-11,3
27.75045,2.35315,2021-03-11,3
27.75045,2.35305,2021-03-11,3
27.75045,2.29665,2019-06-29,3
27.75045,2.29645,2019-02-05,3
27.75045,2.29635,2019-02-05,3
27.75045,2.29555,2023-03-04,3
27.75045,2.2954499999999998,2023-06-08,4
27.75045,2.29535,2023-05-15,4
27.75045,2.29525,2023-06-08,3
27.75045,2.29515,2023-06-08,3
27.75045,2.21985,2024-03-05,3
27.75045,2.21975,2024-02-10,3
27.75045,2.17525,2023-04-02,3
27.75045,2.17515,2023-04-02,3
27.75045,2.17505,2023-04-02,3
27.75045,2.16725,2024-03-28,3
27.75045,2.16715,2024-03-28,3
27.75045,2.16705,2024-03-28,3
27.75045,2.16695,2021-03-20,3
27.75045,2.16685,2021-03-20,3
27.75045,2.1666499999999997,2022-05-03,3
27.75045,2.16655,2022-04-21,3
27.75045,2.16645,2021-03-11,3
27.75045,2.16635,2021-03-11,3
27.75045,2.16625,2022-05-10,3
27.75045,2.16615,2022-05-10,3
27.75045,2.16605,2022-05-10,3
27.75045,2.16595,2023-04-02,3
27.75045,2.16585,2023-04-02,3
27.75045,2.16365,2022-01-03,3
27.75045,2.16355,2021-02-13,3
27.75045,2.16345,2020-08-17,3
27.75045,2.16335,2020-08-17,3
27.75045,2.16325,2020-05-25,3
27.75045,2.16315,2020-01-26,3
27.75045,2.16305,2020-05-25,3
27.75045,2.16295,2020-05-25,3
27.75045,2.16285,2020-06-18,3
27.75045,2.16275,2020-11-21,3
27.75045,2.16265,2020-08-05,3
27.75045,2.16255,2020-08-05,3
27.75045,2.1624499999999998,2020-03-02,3
27.75045,2.16235,2020-03-02,3
27.75045,2.1622500000000002,2020-03-02,3
27.75045,2.16215,2020-03-02,3
27.75045,2.16205,2020-03-02,3
27.75045,2.16195,2020-03-02,3
27.75045,2.16185,2020-03-02,3
27.75045,2.16175,2020-03-26,3
27.75045,2.16165,2020-03-02,3
27.75045,2.16155,2020-03-02,3
27.75045,2.16145,2020-03-26,3
27.75045,2.16135,2020-10-28,3
27.75045,2.16125,2020-07-24,3
27.75045,2.16115,2020-06-18,3
27.75045,2.16105,2020-08-17,3
27.75045,2.16095,2020-10-28,3
27.75045,2.16085,2020-11-09,3
27.75045,2.16075,2020-12-27,3
27.75045,2.16065,2021-02-01,3
27.75045,2.1605499999999997,2021-02-13,3
27.75045,2.16045,2021-02-13,3
27.75045,2.16035,2021-02-25,3
27.75045,2.16025,2021-02-25,3
27.75045,2.16015,2021-02-25,3
27.75045,2.16005,2021-02-25,3
27.75045,2.15125,2019-03-08,3
27.75045,2.15115,2019-02-24,3
27.75045,2.15105,2019-02-24,3
27.75045,2.15095,2019-02-24,3
27.75045,2.15085,2019-02-24,3
27.75045,2.15075,2019-02-24,3
27.75045,2.15065,2019-02-24,3
27.75045,2.15055,2019-02-24,3
27.75045,2.15045,2019-02-24,3
27.75045,2.14175,2022-05-15,3
27.75045,2.14165,2022-05-15,3
27.75045,2.14155,2022-02-08,3
27.75045,2.14145,2022-02-08,4
27.75045,2.14135,2022-01-27,4
27.75045,2.14125,2022-01-27,4
27.75045,2.14115,2022-01-27,4
27.75045,2.14105,2022-02-10,4
27.75045,2.10135,2021-05-20,3
27.75045,2.10125,2021-05-20,3
27.75045,2.10115,2021-05-20,3
27.75045,2.10105,2021-02-13,3
27.75045,2.10095,2021-02-13,3
27.75045,2.10085,2020-04-19,3
27.75045,2.10075,2020-05-13,3
27.75045,2.10065,2020-04-07,3
27.75045,2.10055,2020-04-19,3
27.75045,2.10045,2020-05-13,3
27.75045,2.10035,2021-05-20,3
27.75045,2.07415,2022-05-03,3
27.75045,2.07405,2022-05-15,3
27.75045,2.07395,2022-03-28,3
27.75045,2.07305,2019-02-24,3
27.75045,2.07295,2019-02-24,3
27.75045,2.07285,2019-02-24,3
27.75045,2.07275,2019-02-12,3
27.75045,2.07265,2019-02-12,3
27.75045,2.07255,2019-02-12,3
27.75045,2.07245,2019-02-12,3
27.75045,2.07235,2019-02-12,3
27.75045,2.07225,2019-02-12,3
27.75045,2.06925,2020-10-04,3
27.75045,2.06915,2021-03-09,3
27.75045,2.06905,2022-01-27,3
27.75045,2.06895,2022-03-16,3
27.75045,2.06885,2022-02-20,3
27.75045,2.06875,2022-02-20,3
27.75045,2.06865,2022-02-20,3
27.75045,2.06855,2022-02-20,3
27.75045,2.06825,2022-05-10,3
27.75045,2.06815,2022-05-10,3
27.75045,2.06805,2022-05-10,3
27.75045,2.05435,2022-07-26,3
27.75045,2.05425,2022-05-10,4
27.75045,2.05415,2022-03-16,4
27.75045,2.05405,2022-03-16,4
27.75045,2.05395,2022-03-16,3
27.75045,2.0538499999999997,2022-07-26,3
27.75045,2.05375,2022-02-10,4
27.75045,2.05365,2022-02-10,3
27.75045,2.05355,2022-02-10,3
27.75045,2.0534499999999998,2022-06-02,3
27.75045,2.05335,2022-06-02,3
27.75045,2.04795,2022-05-10,3
27.75045,2.04785,2022-05-10,3
27.75045,2.04685,2019-01-31,3
27.75045,2.04675,2019-01-31,3
27.75045,2.04665,2019-02-12,3
27.75045,2.04655,2019-03-08,3
27.75045,2.04645,2019-03-20,3
27.75045,2.04635,2019-03-20,3
27.75045,2.03885,2024-04-22,3
27.75045,2.03875,2024-04-22,3
27.75045,2.03865,2024-04-22,3
27.75045,2.03855,2024-04-22,3
27.75045,2.03845,2024-04-22,3
27.75045,2.03835,2024-04-22,3
27.75045,2.03825,2024-05-28,3
27.75045,2.03815,2024-08-08,2
27.75045,2.0374499999999998,2024-03-29,3
27.75045,2.03735,2023-04-28,3
27.75045,2.0372500000000002,2023-04-28,3
27.75045,2.03715,2023-04-28,3
27.75045,2.03705,2023-02-03,3
27.75045,2.03695,2023-02-03,3
27.75045,2.03685,2023-02-03,3
27.75045,2.03675,2023-02-03,3
27.75045,2.03665,2023-02-03,3
27.75045,2.03655,2023-02-03,3
27.75045,2.03645,2023-04-04,3
27.75045,2.03635,2023-04-04,3
27.75045,2.03585,2023-01-22,3
27.75045,2.03575,2023-01-22,3
27.75045,2.03565,2023-02-03,3
27.75045,2.0355499999999997,2023-02-03,3
27.75045,2.03485,2020-03-02,3
27.75045,2.03475,2020-03-02,3
27.75045,2.03465,2021-03-09,3
27.75045,2.03335,2023-05-10,3
27.75045,2.03325,2022-05-27,3
27.75045,2.03315,2022-05-27,3
27.75045,2.03305,2022-06-08,3
27.75045,2.03025,2023-12-24,3
27.75045,2.03015,2023-03-23,3
27.75045,2.03005,2022-03-04,3
27.75045,2.02995,2024-08-27,3
27.75045,2.02985,2024-08-27,3
27.75045,2.02975,2024-08-27,2
27.75045,2.02965,2024-08-27,2
27.75045,2.02955,2024-08-27,2
27.75045,1.8406500000000001,2023-12-12,3
27.75045,1.84055,2023-09-07,3
27.75045,1.84045,2023-09-07,3
27.75045,1.84035,2023-09-07,3
27.75045,1.84025,2023-09-07,3
27.75045,1.84015,2023-09-07,3
27.75045,1.84005,2023-10-01,3
27.75045,1.83995,2023-10-01,3
27.75045,1.83985,2024-01-05,3
27.75045,1.83975,2024-01-05,3
27.75045,1.82085,2023-04-16,3
27.75045,1.8207499999999999,2022-10-30,3
27.75045,1.82065,2022-10-30,3
27.75045,1.82055,2022-10-30,3
27.75045,1.8204500000000001,2022-07-14,3
27.75045,1.82035,2022-10-30,3
27.75045,1.81795,2023-05-10,3
27.75045,1.81785,2023-01-10,3
27.75045,1.81775,2022-08-19,3
27.75045,1.81765,2022-10-30,3
27.75045,1.81755,2022-10-30,3
27.75045,1.81745,2024-09-01,2
27.75045,1.81735,2024-09-01,2
27.75045,1.81385,2023-01-10,3
27.75045,1.81375,2022-12-17,3
27.75045,1.81365,2022-12-17,3
27.75045,1.81355,2022-11-11,3
27.75045,1.81345,2022-11-11,3
27.75045,1.81335,2022-11-23,3
27.75045,1.81325,2022-10-24,4
27.75045,1.8131499999999998,2022-10-24,3
27.75045,1.81305,2022-10-24,3
27.75045,1.8129499999999998,2022-10-24,3
27.75045,1.81285,2022-10-24,3
27.75045,1.8127499999999999,2021-10-23,4
27.75045,1.81265,2021-10-23,4
27.75045,1.8125499999999999,2021-10-23,4
27.75045,1.8124500000000001,2022-09-24,4
27.75045,1.81235,2022-09-24,4
27.75045,1.81225,2022-08-31,4
27.75045,1.81215,2022-08-31,4
27.75045,1.81205,2022-08-31,4
27.75045,1.81195,2022-09-12,4
27.75045,1.81185,2022-09-12,4
27.75045,1.81175,2022-09-12,3
27.75045,1.81015,2022-12-29,3
27.75045,1.73945,2024-01-07,3
27.75045,1.73935,2024-01-07,3
27.75045,1.64675,2024-08-02,3
27.75045,1.64665,2024-08-02,3
27.75045,1.64655,2024-08-02,3
27.75045,1.64645,2024-08-02,3
27.75045,1.64635,2024-08-02,3
27.75045,1.57005,2024-01-29,3
27.75045,1.56995,2024-01-29,3
27.75045,1.56985,2023-01-10,3
27.75045,1.56975,2022-12-17,3
27.75045,1.56965,2022-10-30,3
27.75045,1.56955,2022-10-30,3
27.75045,1.5694499999999998,2023-12-24,3
27.75045,1.44425,2024-01-29,3
27.75045,1.44415,2024-01-05,3
27.75045,1.44405,2024-01-05,3
27.75045,1.44285,2024-07-27,2
27.75045,1.44275,2024-07-27,2
27.75045,1.44075,2023-09-26,3
27.75045,1.44065,2023-09-26,3
27.75045,1.44055,2023-09-26,3
27.75045,1.44045,2023-08-17,3
27.75045,1.44035,2023-08-17,3
27.75045,1.44025,2023-08-17,3
27.75045,1.44015,2023-08-17,3
27.75045,1.44005,2023-08-17,3
27.75045,1.4399499999999998,2023-08-17,3
27.75045,1.4398499999999999,2023-01-10,4
27.75045,1.4397499999999999,2023-01-10,4
27.75045,1.4396499999999999,2023-01-10,4
27.75045,1.4395499999999999,2023-01-10,4
27.75045,1.43945,2023-01-05,4
27.75045,1.43935,2023-01-05,4
27.75045,1.43925,2022-12-29,4
27.75045,1.43915,2022-12-29,4
27.75045,1.43905,2022-12-29,4
27.75045,1.43895,2022-12-29,4
27.75045,1.43885,2022-12-29,4
27.75045,1.43875,2023-01-05,4
27.75045,1.43865,2023-01-05,4
27.75045,1.43855,2023-01-05,3
27.75045,1.43845,2023-04-19,3
27.75045,1.43835,2023-04-19,3
27.75045,1.4278499999999998,2024-08-20,2
27.75045,1.4277499999999999,2024-08-20,2
27.75045,1.4056499999999998,2024-08-20,2
27.75045,1.4055499999999999,2024-08-20,3
27.75045,1.4054499999999999,2024-07-27,2
27.75045,1.40515,2024-01-29,3
27.75045,1.30595,2022-06-20,3
27.75045,1.30585,2022-06-20,3
27.75045,1.30575,2023-02-03,3
27.75045,1.30035,2023-01-10,3
27.75045,1.30025,2023-01-10,3
27.75045,1.30015,2023-01-10,3
27.75045,1.30005,2023-01-10,3
27.75045,1.29995,2023-01-10,3
27.75045,1.29985,2023-01-10,3
27.75045,1.29975,2023-01-10,3
27.75045,1.29965,2023-01-10,3
27.75045,1.29955,2023-01-10,3
27.75045,1.29945,2022-12-17,3
27.75045,1.29935,2022-12-17,3
27.75045,1.29925,2022-10-30,4
27.75045,1.29915,2022-10-30,4
27.75045,1.29905,2022-09-12,4
27.75045,1.29895,2022-09-12,3
27.75045,1.2988499999999998,2022-09-12,3
27.75045,1.2987499999999998,2022-09-12,3
27.75045,1.2986499999999999,2022-09-12,3
27.75045,1.2985499999999999,2022-09-12,3
27.75045,1.2984499999999999,2022-12-17,3
27.75045,1.07545,2022-11-11,3
27.75045,1.07535,2022-11-11,3
27.75045,1.07525,2021-04-26,3
27.75045,1.0751499999999998,2021-05-08,3
27.75055,2.49175,2020-09-22,3
27.75055,2.49165,2020-07-12,3
27.75055,2.49155,2020-01-26,3
27.75055,2.49145,2020-01-26,3
27.75055,2.49135,2020-01-26,3
27.75055,2.49125,2020-01-26,3
27.75055,2.49115,2020-01-26,3
27.75055,2.49105,2020-01-26,3
27.75055,2.49095,2020-01-26,3
27.75055,2.49085,2020-01-26,3
27.75055,2.49075,2020-01-26,3
27.75055,2.49065,2022-03-16,3
27.75055,2.49055,2022-05-03,3
27.75055,2.48425,2023-04-18,3
27.75055,2.48415,2023-04-18,3
27.75055,2.48405,2023-04-18,3
27.75055,2.46895,2021-04-02,3
27.75055,2.46885,2021-03-21,3
27.75055,2.46875,2021-03-21,3
27.75055,2.46865,2021-03-21,3
27.75055,2.46855,2021-03-21,3
27.75055,2.46675,2021-03-11,3
27.75055,2.46665,2021-03-11,3
27.75055,2.46655,2021-03-11,3
27.75055,2.46645,2021-03-11,3
27.75055,2.46635,2021-03-11,3
27.75055,2.45915,2021-05-20,3
27.75055,2.45905,2021-05-20,3
27.75055,2.45075,2024-04-04,3
27.75055,2.45065,2024-04-04,3
27.75055,2.45055,2024-04-04,3
27.75055,2.44525,2023-05-04,3
27.75055,2.44515,2023-05-04,3
27.75055,2.44505,2023-05-04,3
27.75055,2.41795,2023-04-02,3
27.75055,2.41785,2023-04-02,3
27.75055,2.41295,2023-04-18,3
27.75055,2.41285,2023-04-18,3
27.75055,2.41275,2023-04-18,3
27.75055,2.41265,2023-04-18,3
27.75055,2.41255,2023-04-18,3
27.75055,2.40995,2021-03-11,3
27.75055,2.40985,2021-03-11,3
27.75055,2.40695,2022-05-20,3
27.75055,2.40685,2021-11-09,3
27.75055,2.40675,2021-11-21,3
27.75055,2.40665,2022-04-26,3
27.75055,2.40655,2023-02-08,3
27.75055,2.40645,2021-04-14,3
27.75055,2.4063499999999998,2021-04-14,3
27.75055,2.40425,2022-10-23,3
27.75055,2.40415,2022-05-20,3
27.75055,2.40405,2022-05-08,3
27.75055,2.40295,2021-03-19,3
27.75055,2.40285,2021-03-19,3
27.75055,2.40275,2021-03-19,3
27.75055,2.40265,2021-03-19,3
27.75055,2.40255,2021-03-19,3
27.75055,2.38745,2022-04-21,3
27.75055,2.38735,2022-03-04,3
27.75055,2.38565,2020-01-31,3
27.75055,2.38555,2020-01-31,3
27.75055,2.38545,2020-01-26,3
27.75055,2.38535,2020-03-19,3
27.75055,2.38525,2021-08-05,3
27.75055,2.38515,2023-03-11,3
27.75055,2.38475,2024-03-05,3
27.75055,2.38465,2024-02-27,3
27.75055,2.38455,2023-08-14,3
27.75055,2.35325,2022-02-26,3
27.75055,2.35315,2022-02-26,3
27.75055,2.35305,2022-02-26,3
27.75055,2.33025,2022-04-09,3
27.75055,2.33015,2022-04-09,3
27.75055,2.33005,2023-02-08,3
27.75055,2.30575,2021-03-11,3
27.75055,2.30565,2021-03-11,3
27.75055,2.30555,2021-03-11,3
27.75055,2.29645,2019-02-17,3
27.75055,2.29555,2023-07-14,3
27.75055,2.2954499999999998,2023-06-08,3
27.75055,2.29535,2023-06-08,3
27.75055,2.29525,2023-06-08,3
27.75055,2.29515,2023-06-08,3
27.75055,2.28495,2021-03-19,3
27.75055,2.28485,2021-03-19,3
27.75055,2.25395,2024-03-04,3
27.75055,2.25385,2024-03-04,3
27.75055,2.24995,2024-03-04,3
27.75055,2.24985,2024-03-04,3
27.75055,2.24545,2019-02-24,3
27.75055,2.24535,2019-02-24,3
27.75055,2.24525,2019-02-24,3
27.75055,2.2451499999999998,2020-03-02,3
27.75055,2.24505,2020-03-02,3
27.75055,2.2449500000000002,2020-03-02,3
27.75055,2.24485,2020-03-02,3
27.75055,2.24475,2020-03-02,3
27.75055,2.24175,2023-04-02,3
27.75055,2.24165,2023-04-02,3
27.75055,2.24155,2023-04-02,3
27.75055,2.21975,2024-02-10,3
27.75055,2.21965,2024-02-10,3
27.75055,2.21955,2024-02-10,3
27.75055,2.21875,2024-04-29,3
27.75055,2.2186500000000002,2024-04-29,3
27.75055,2.21855,2024-04-29,3
27.75055,2.21845,2024-03-04,3
27.75055,2.21835,2024-03-04,3
27.75055,2.21745,2024-03-28,3
27.75055,2.21735,2024-03-28,3
27.75055,2.19745,2023-04-19,3
27.75055,2.19735,2023-04-19,3
27.75055,2.18775,2024-04-29,3
27.75055,2.18765,2024-04-29,3
27.75055,2.18755,2024-04-29,3
27.75055,2.16995,2024-03-28,3
27.75055,2.16985,2024-03-28,3
27.75055,2.16795,2021-03-11,3
27.75055,2.16785,2021-03-11,3
27.75055,2.16775,2021-03-11,3
27.75055,2.16765,2021-03-11,3
27.75055,2.16755,2021-03-11,3
27.75055,2.16725,2022-05-10,3
27.75055,2.16715,2022-05-10,3
27.75055,2.16705,2022-05-10,3
27.75055,2.16695,2022-05-03,3
27.75055,2.16685,2022-05-03,3
27.75055,2.16675,2022-05-03,3
27.75055,2.1666499999999997,2022-05-03,3
27.75055,2.16655,2022-05-03,3
27.75055,2.16645,2023-05-04,3
27.75055,2.16635,2023-05-04,3
27.75055,2.16375,2024-03-29,3
27.75055,2.16365,2023-02-27,3
27.75055,2.16355,2021-07-19,3
27.75055,2.16345,2020-09-22,3
27.75055,2.16335,2020-08-17,3
27.75055,2.16325,2020-07-24,3
27.75055,2.16315,2020-01-26,3
27.75055,2.16305,2020-08-29,3
27.75055,2.16295,2020-08-05,3
27.75055,2.16285,2021-02-01,3
27.75055,2.16275,2020-12-27,3
27.75055,2.16265,2020-08-05,3
27.75055,2.16255,2020-08-05,3
27.75055,2.1624499999999998,2020-11-21,3
27.75055,2.16235,2020-03-14,3
27.75055,2.1622500000000002,2020-03-14,3
27.75055,2.16215,2020-03-02,3
27.75055,2.16205,2020-03-02,3
27.75055,2.16195,2020-03-02,3
27.75055,2.16185,2020-03-26,3
27.75055,2.16175,2020-03-26,3
27.75055,2.16165,2020-04-07,3
27.75055,2.16155,2020-04-07,3
27.75055,2.16145,2020-10-28,3
27.75055,2.16135,2021-02-01,3
27.75055,2.16125,2020-08-17,3
27.75055,2.16115,2021-02-13,3
27.75055,2.16105,2021-02-13,3
27.75055,2.16095,2021-02-01,3
27.75055,2.16085,2021-02-01,3
27.75055,2.16075,2021-02-01,3
27.75055,2.1605499999999997,2021-02-13,3
27.75055,2.16045,2021-02-13,3
27.75055,2.16035,2021-02-25,3
27.75055,2.16025,2021-02-25,3
27.75055,2.16015,2021-02-25,3
27.75055,2.16005,2021-02-25,3
27.75055,2.15995,2021-03-11,3
27.75055,2.15985,2021-03-11,3
27.75055,2.15975,2021-03-11,3
27.75055,2.15965,2021-03-11,3
27.75055,2.15955,2021-03-11,3
27.75055,2.15125,2019-03-08,3
27.75055,2.15115,2019-02-24,3
27.75055,2.15105,2019-02-24,3
27.75055,2.15095,2019-02-24,3
27.75055,2.15085,2019-02-24,3
27.75055,2.15075,2019-02-24,3
27.75055,2.15065,2019-02-24,3
27.75055,2.15055,2019-02-24,3
27.75055,2.15045,2019-02-24,3
27.75055,2.15035,2019-02-24,3
27.75055,2.14115,2022-01-27,3
27.75055,2.14105,2022-02-20,3
27.75055,2.14095,2022-01-27,3
27.75055,2.14085,2022-01-27,3
27.75055,2.14075,2024-03-05,3
27.75055,2.14065,2024-02-10,3
27.75055,2.14045,2024-03-05,3
27.75055,2.10145,2021-03-21,3
27.75055,2.10135,2021-06-01,3
27.75055,2.10125,2021-06-01,3
27.75055,2.10115,2021-02-13,3
27.75055,2.10105,2021-02-01,3
27.75055,2.10095,2021-02-13,3
27.75055,2.10085,2021-03-21,3
27.75055,2.10075,2020-05-13,3
27.75055,2.10065,2020-04-07,3
27.75055,2.10055,2020-05-13,3
27.75055,2.10045,2020-05-13,3
27.75055,2.10035,2021-06-01,3
27.75055,2.09795,2022-02-19,3
27.75055,2.09785,2022-02-19,3
27.75055,2.09395,2024-02-08,3
27.75055,2.0938499999999998,2024-02-08,3
27.75055,2.09305,2019-06-12,3
27.75055,2.09295,2019-03-08,3
27.75055,2.09285,2019-02-24,3
27.75055,2.09275,2019-02-24,3
27.75055,2.07415,2024-05-04,3
27.75055,2.07315,2019-02-24,3
27.75055,2.07305,2019-02-24,3
27.75055,2.07295,2019-02-24,3
27.75055,2.07285,2019-02-12,3
27.75055,2.07065,2020-03-02,3
27.75055,2.07055,2020-03-14,3
27.75055,2.07045,2021-03-09,3
27.75055,2.07035,2020-07-24,3
27.75055,2.06895,2022-01-27,3
27.75055,2.06885,2022-03-16,3
27.75055,2.06875,2022-03-16,3
27.75055,2.06825,2022-05-10,3
27.75055,2.06815,2022-05-10,3
27.75055,2.06805,2022-05-10,3
27.75055,2.05445,2024-09-25,2
27.75055,2.05435,2024-05-04,3
27.75055,2.05425,2022-04-09,4
27.75055,2.05415,2022-04-09,4
27.75055,2.05405,2022-05-10,4
27.75055,2.05395,2022-08-19,3
27.75055,2.0538499999999997,2023-08-26,3
27.75055,2.05375,2022-02-19,4
27.75055,2.05365,2022-02-19,3
27.75055,2.05355,2022-02-19,3
27.75055,2.0534499999999998,2023-04-19,3
27.75055,2.05335,2023-04-19,3
27.75055,2.05265,2019-02-12,3
27.75055,2.05255,2019-02-12,3
27.75055,2.05245,2019-03-20,3
27.75055,2.05235,2019-03-08,3
27.75055,2.05225,2019-03-08,3
27.75055,2.05215,2019-03-08,3
27.75055,2.04685,2019-08-11,3
27.75055,2.04675,2019-03-08,3
27.75055,2.04665,2019-03-08,3
27.75055,2.04655,2019-03-20,3
27.75055,2.04645,2019-03-20,3
27.75055,2.04635,2019-03-20,3
27.75055,2.04625,2019-07-30,3
27.75055,2.03885,2024-04-22,3
27.75055,2.03875,2024-02-22,3
27.75055,2.03865,2024-02-10,3
27.75055,2.03855,2024-03-05,3
27.75055,2.03845,2024-04-22,3
27.75055,2.03835,2024-04-22,3
27.75055,2.03825,2024-04-04,4
27.75055,2.03815,2024-04-04,4
27.75055,2.03805,2024-04-04,3
27.75055,2.0374499999999998,2024-01-17,3
27.75055,2.03735,2023-04-04,3
27.75055,2.0372500000000002,2023-02-03,3
27.75055,2.03715,2023-02-03,3
27.75055,2.03705,2023-02-03,3
27.75055,2.03695,2023-02-03,3
27.75055,2.03685,2023-02-03,3
27.75055,2.03675,2023-02-03,3
27.75055,2.03665,2023-02-03,3
27.75055,2.03655,2023-04-04,3
27.75055,2.03585,2023-02-03,3
27.75055,2.03495,2020-03-02,3
27.75055,2.03485,2020-03-02,3
27.75055,2.03475,2021-03-09,3
27.75055,2.03465,2021-03-09,3
27.75055,2.03315,2022-06-08,3
27.75055,2.03025,2024-01-17,3
27.75055,2.03015,2023-12-24,3
27.75055,2.03005,2022-05-15,3
27.75055,2.02995,2022-03-04,4
27.75055,2.02985,2022-03-04,4
27.75055,2.02975,2022-02-08,4
27.75055,2.02965,2022-02-19,3
27.75055,2.02955,2022-02-19,3
27.75055,2.0294499999999998,2023-01-05,3
27.75055,2.02935,2023-01-05,3
27.75055,1.84055,2024-01-05,3
27.75055,1.84045,2024-01-05,3
27.75055,1.84035,2023-09-19,3
27.75055,1.84025,2023-10-01,3
27.75055,1.84015,2023-09-19,3
27.75055,1.84005,2023-09-19,3
27.75055,1.83995,2024-01-05,3
27.75055,1.83985,2024-01-05,3
27.75055,1.83975,2024-01-05,3
27.75055,1.8207499999999999,2022-11-23,3
27.75055,1.82065,2022-10-30,3
27.75055,1.82055,2022-10-30,3
27.75055,1.8204500000000001,2022-10-30,3
27.75055,1.82035,2022-07-14,3
27.75055,1.82025,2022-07-26,3
27.75055,1.82015,2022-10-30,3
27.75055,1.82005,2022-10-30,3
27.75055,1.81995,2022-12-29,3
27.75055,1.81785,2024-08-20,2
27.75055,1.81775,2023-05-10,3
27.75055,1.81735,2024-09-01,2
27.75055,1.81725,2024-09-13,2
27.75055,1.81385,2023-01-10,3
27.75055,1.81375,2022-12-17,3
27.75055,1.81365,2022-12-17,3
27.75055,1.81355,2022-11-11,3
27.75055,1.81345,2022-11-11,3
27.75055,1.81335,2022-11-11,3
27.75055,1.81325,2022-11-23,4
27.75055,1.8131499999999998,2022-12-05,4
27.75055,1.81305,2022-12-17,4
27.75055,1.8129499999999998,2022-10-24,3
27.75055,1.81285,2022-10-24,4
27.75055,1.8127499999999999,2021-10-23,4
27.75055,1.81265,2021-10-23,4
27.75055,1.8125499999999999,2022-09-24,4
27.75055,1.8124500000000001,2022-09-24,4
27.75055,1.81235,2022-09-24,4
27.75055,1.81225,2022-08-19,4
27.75055,1.81215,2022-08-19,4
27.75055,1.81205,2022-09-12,4
27.75055,1.81195,2022-09-12,4
27.75055,1.81185,2022-09-12,4
27.75055,1.81175,2022-09-12,4
27.75055,1.81165,2022-10-24,3
27.75055,1.81155,2022-10-24,3
27.75055,1.81025,2023-04-04,3
27.75055,1.79925,2024-08-02,2
27.75055,1.79915,2024-08-02,2
27.75055,1.7990499999999998,2024-08-02,2
27.75055,1.7205499999999998,2023-12-24,3
27.75055,1.72045,2024-01-05,3
27.75055,1.7203499999999998,2024-01-05,3
27.75055,1.57005,2022-01-03,3
27.75055,1.56995,2022-01-03,3
27.75055,1.56985,2022-10-30,3
27.75055,1.56975,2022-10-30,3
27.75055,1.56965,2022-11-11,3
27.75055,1.56955,2022-12-29,3
27.75055,1.5694499999999998,2022-10-30,3
27.75055,1.44435,2024-01-17,3
27.75055,1.44425,2024-01-05,3
27.75055,1.44415,2024-01-05,3
27.75055,1.44405,2024-01-05,3
27.75055,1.44285,2024-07-27,2
27.75055,1.44275,2024-07-27,2
27.75055,1.44095,2024-05-07,2
27.75055,1.44085,2024-05-07,2
27.75055,1.44075,2023-08-17,3
27.75055,1.44065,2023-08-17,3
27.75055,1.44055,2023-08-17,3
27.75055,1.44045,2023-08-17,3
27.75055,1.44035,2023-08-17,3
27.75055,1.44025,2023-08-17,3
27.75055,1.44015,2023-08-17,3
27.75055,1.44005,2023-08-17,3
27.75055,1.4399499999999998,2023-01-10,4
27.75055,1.4398499999999999,2023-01-10,4
27.75055,1.4397499999999999,2023-01-10,4
27.75055,1.4396499999999999,2023-01-10,4
27.75055,1.4395499999999999,2022-12-17,4
27.75055,1.43945,2022-12-17,4
27.75055,1.43935,2022-12-17,4
27.75055,1.43925,2022-12-17,4
27.75055,1.43915,2022-12-29,4
27.75055,1.43905,2022-12-29,4
27.75055,1.43895,2022-12-29,4
27.75055,1.43885,2022-12-29,4
27.75055,1.43875,2023-01-10,4
27.75055,1.43865,2023-04-19,3
27.75055,1.43855,2023-04-19,3
27.75055,1.42825,2024-05-07,4
27.75055,1.42815,2024-05-07,4
27.75055,1.42805,2024-05-04,4
27.75055,1.42795,2024-05-04,3
27.75055,1.4278499999999998,2024-07-03,3
27.75055,1.4277499999999999,2024-08-08,3
27.75055,1.4276499999999999,2024-08-08,2
27.75055,1.40585,2024-08-20,2
27.75055,1.40575,2024-08-20,2
27.75055,1.4056499999999998,2024-08-20,2
27.75055,1.4055499999999999,2024-08-20,2
27.75055,1.30605,2022-07-02,3
27.75055,1.30595,2022-06-20,3
27.75055,1.30585,2022-06-20,3
27.75055,1.30035,2023-01-10,3
27.75055,1.30025,2023-01-10,3
27.75055,1.30015,2023-01-10,3
27.75055,1.30005,2023-01-10,3
27.75055,1.29995,2023-01-10,3
27.75055,1.29985,2023-01-10,3
27.75055,1.29975,2023-01-10,4
27.75055,1.29965,2022-10-30,4
27.75055,1.29955,2022-10-30,4
27.75055,1.29945,2022-10-01,4
27.75055,1.29935,2022-10-01,4
27.75055,1.29925,2022-10-01,4
27.75055,1.29915,2022-10-01,4
27.75055,1.29905,2022-09-12,4
27.75055,1.29895,2022-09-12,3
27.75055,1.2988499999999998,2022-09-12,3
27.75055,1.2987499999999998,2022-09-12,3
27.75055,1.2986499999999999,2022-09-12,3
27.75055,1.2985499999999999,2022-09-12,3
27.75055,1.2984499999999999,2022-12-17,3
27.75055,1.07555,2022-11-23,3
27.75055,1.07545,2022-11-23,3
27.75055,1.07535,2021-04-14,3
27.75055,1.07525,2021-04-14,3
27.75055,1.0751499999999998,2021-04-14,3
27.75055,1.0750499999999998,2021-04-14,3
27.75065,2.49165,2020-11-09,3
27.75065,2.49155,2020-03-02,3
27.75065,2.49145,2020-03-02,3
27.75065,2.49135,2020-01-26,3
27.75065,2.49125,2020-01-26,3
27.75065,2.49115,2020-01-26,3
27.75065,2.49105,2020-01-26,3
27.75065,2.49095,2020-01-26,3
27.75065,2.49085,2020-01-26,3
27.75065,2.49075,2020-01-26,3
27.75065,2.49065,2021-06-13,3
27.75065,2.49055,2022-05-03,3
27.75065,2.48425,2023-04-18,3
27.75065,2.48415,2023-04-18,3
27.75065,2.48405,2023-04-18,3
27.75065,2.46895,2022-03-09,3
27.75065,2.46885,2021-03-26,3
27.75065,2.46875,2021-03-26,3
27.75065,2.46865,2021-03-21,3
27.75065,2.46855,2021-03-21,3
27.75065,2.46675,2021-03-11,3
27.75065,2.46665,2021-03-11,3
27.75065,2.46655,2021-03-11,3
27.75065,2.46645,2021-03-11,3
27.75065,2.46635,2021-03-11,3
27.75065,2.45915,2021-05-20,3
27.75065,2.45905,2021-05-20,3
27.75065,2.45075,2024-04-04,3
27.75065,2.45065,2024-04-04,3
27.75065,2.45055,2024-04-04,3
27.75065,2.44525,2023-05-04,3
27.75065,2.44515,2023-05-04,3
27.75065,2.44505,2023-05-04,3
27.75065,2.41795,2023-04-02,3
27.75065,2.41785,2023-04-02,3
27.75065,2.41295,2023-04-18,3
27.75065,2.41285,2023-04-18,3
27.75065,2.41275,2023-04-18,3
27.75065,2.41265,2023-04-18,3
27.75065,2.41255,2023-04-18,3
27.75065,2.40995,2021-03-11,3
27.75065,2.40985,2021-03-11,3
27.75065,2.40685,2021-03-09,3
27.75065,2.40675,2021-02-01,3
27.75065,2.40665,2021-02-01,3
27.75065,2.40655,2021-02-25,3
27.75065,2.40645,2021-02-25,3
27.75065,2.4063499999999998,2021-04-02,3
27.75065,2.40625,2021-04-02,3
27.75065,2.40425,2022-10-23,3
27.75065,2.40415,2022-05-08,3
27.75065,2.40405,2022-04-14,3
27.75065,2.40295,2021-03-19,3
27.75065,2.40285,2021-03-19,3
27.75065,2.40275,2021-03-19,3
27.75065,2.40265,2021-03-19,3
27.75065,2.40255,2021-03-19,3
27.75065,2.38745,2022-03-16,3
27.75065,2.38735,2022-03-16,3
27.75065,2.38565,2020-01-31,3
27.75065,2.38555,2020-01-31,3
27.75065,2.38545,2020-01-26,3
27.75065,2.38535,2020-06-11,3
27.75065,2.38525,2022-08-24,3
27.75065,2.38515,2023-03-11,3
27.75065,2.35325,2022-02-26,3
27.75065,2.35315,2022-02-26,3
27.75065,2.35305,2022-02-26,3
27.75065,2.33045,2022-04-02,3
27.75065,2.33035,2022-04-02,3
27.75065,2.33025,2022-04-02,3
27.75065,2.33015,2022-04-09,3
27.75065,2.33005,2023-02-08,3
27.75065,2.32995,2023-02-08,3
27.75065,2.30575,2021-03-11,3
27.75065,2.30565,2021-03-11,3
27.75065,2.30555,2021-03-11,3
27.75065,2.28495,2021-03-19,3
27.75065,2.28485,2021-03-19,3
27.75065,2.25395,2024-03-04,3
27.75065,2.25385,2024-03-04,3
27.75065,2.24995,2024-03-04,3
27.75065,2.24985,2024-03-04,3
27.75065,2.24555,2019-03-08,3
27.75065,2.24545,2019-02-24,3
27.75065,2.24535,2019-02-24,3
27.75065,2.24525,2019-02-24,3
27.75065,2.2451499999999998,2019-03-08,3
27.75065,2.24505,2020-03-02,3
27.75065,2.2449500000000002,2020-03-02,3
27.75065,2.24485,2020-03-02,3
27.75065,2.24475,2020-03-02,3
27.75065,2.24175,2023-04-02,3
27.75065,2.24165,2023-04-02,3
27.75065,2.24155,2023-04-02,3
27.75065,2.2327500000000002,2020-05-25,3
27.75065,2.23265,2020-05-25,3
27.75065,2.23255,2020-05-25,3
27.75065,2.22005,2024-02-22,3
27.75065,2.21995,2024-02-22,3
27.75065,2.21985,2024-02-10,3
27.75065,2.21975,2024-02-10,3
27.75065,2.21965,2024-02-10,3
27.75065,2.21955,2024-02-10,3
27.75065,2.21875,2024-04-29,3
27.75065,2.2186500000000002,2024-04-29,3
27.75065,2.21855,2024-04-29,3
27.75065,2.21845,2024-03-04,3
27.75065,2.21835,2024-03-04,3
27.75065,2.21745,2024-03-28,3
27.75065,2.21735,2024-03-28,3
27.75065,2.19745,2023-04-19,3
27.75065,2.19735,2023-04-19,3
27.75065,2.18775,2024-04-29,3
27.75065,2.18765,2024-04-29,3
27.75065,2.18755,2024-04-29,3
27.75065,2.16995,2024-03-28,3
27.75065,2.16985,2024-03-28,3
27.75065,2.16795,2021-03-11,3
27.75065,2.16785,2021-03-11,3
27.75065,2.16775,2021-03-11,3
27.75065,2.16765,2021-03-11,3
27.75065,2.16755,2021-03-11,3
27.75065,2.16725,2022-05-10,3
27.75065,2.16715,2022-05-10,3
27.75065,2.16705,2022-05-10,3
27.75065,2.16695,2022-05-15,3
27.75065,2.16685,2022-05-03,3
27.75065,2.16675,2022-05-03,3
27.75065,2.1666499999999997,2022-05-03,3
27.75065,2.16655,2022-05-03,3
27.75065,2.16645,2023-05-04,3
27.75065,2.16635,2023-05-04,3
27.75065,2.16365,2023-03-11,3
27.75065,2.16335,2020-08-17,3
27.75065,2.16325,2020-08-17,3
27.75065,2.16315,2020-07-24,3
27.75065,2.16305,2021-02-13,3
27.75065,2.16295,2022-12-05,3
27.75065,2.16285,2022-12-05,3
27.75065,2.16275,2022-12-05,3
27.75065,2.16265,2022-07-02,3
27.75065,2.16255,2022-07-02,3
27.75065,2.1624499999999998,2022-06-20,3
27.75065,2.16235,2021-02-01,3
27.75065,2.1622500000000002,2020-11-21,3
27.75065,2.16215,2020-03-14,3
27.75065,2.16205,2020-03-26,3
27.75065,2.16195,2020-03-14,3
27.75065,2.16185,2020-03-14,3
27.75065,2.16175,2020-04-07,3
27.75065,2.16165,2020-07-24,3
27.75065,2.16155,2021-02-01,3
27.75065,2.16145,2021-02-01,3
27.75065,2.16135,2021-02-25,3
27.75065,2.16125,2021-02-13,3
27.75065,2.16115,2021-02-13,3
27.75065,2.16105,2021-02-13,3
27.75065,2.16095,2021-02-01,3
27.75065,2.16085,2021-02-01,3
27.75065,2.16075,2021-09-05,3
27.75065,2.16035,2021-02-25,3
27.75065,2.16025,2021-02-25,3
27.75065,2.16015,2021-02-25,3
27.75065,2.16005,2021-02-25,3
27.75065,2.15995,2021-03-11,3
27.75065,2.15985,2021-03-11,3
27.75065,2.15975,2021-03-11,3
27.75065,2.15965,2021-03-11,3
27.75065,2.15955,2021-03-11,3
27.75065,2.15135,2019-03-08,3
27.75065,2.15125,2019-03-08,3
27.75065,2.15115,2019-02-24,3
27.75065,2.15105,2019-02-24,3
27.75065,2.15095,2019-02-24,3
27.75065,2.15085,2019-02-12,3
27.75065,2.15075,2019-02-12,3
27.75065,2.15065,2019-02-24,3
27.75065,2.15055,2019-02-12,3
27.75065,2.15045,2019-02-24,3
27.75065,2.15035,2019-02-24,3
27.75065,2.1502499999999998,2019-02-24,3
27.75065,2.14115,2022-03-04,3
27.75065,2.14105,2022-02-20,3
27.75065,2.14095,2022-01-27,3
27.75065,2.14085,2022-01-27,3
27.75065,2.14075,2022-03-16,3
27.75065,2.14065,2024-02-10,3
27.75065,2.14055,2024-02-10,3
27.75065,2.14045,2024-02-10,3
27.75065,2.1403499999999998,2024-02-10,3
27.75065,2.14025,2024-02-10,3
27.75065,2.10155,2021-06-25,3
27.75065,2.10145,2021-06-01,3
27.75065,2.10135,2021-02-25,3
27.75065,2.10125,2021-02-25,3
27.75065,2.10115,2021-02-13,3
27.75065,2.10105,2021-02-13,3
27.75065,2.10095,2021-02-25,3
27.75065,2.10085,2021-03-21,3
27.75065,2.10075,2020-05-13,3
27.75065,2.10065,2020-05-13,3
27.75065,2.10055,2020-05-13,3
27.75065,2.10045,2020-05-13,3
27.75065,2.10035,2021-07-19,3
27.75065,2.09795,2022-02-19,3
27.75065,2.09785,2022-02-19,3
27.75065,2.09395,2024-02-08,3
27.75065,2.0938499999999998,2024-02-08,3
27.75065,2.09315,2019-03-08,3
27.75065,2.09305,2019-03-08,3
27.75065,2.09295,2019-02-24,3
27.75065,2.09285,2019-02-24,3
27.75065,2.09275,2019-02-24,3
27.75065,2.07405,2022-03-28,3
27.75065,2.07325,2019-02-24,3
27.75065,2.07315,2019-02-24,3
27.75065,2.07305,2019-02-24,3
27.75065,2.07295,2019-02-24,3
27.75065,2.07285,2019-02-12,3
27.75065,2.07065,2020-03-02,3
27.75065,2.07055,2020-03-14,3
27.75065,2.07045,2020-10-04,3
27.75065,2.07035,2020-06-30,3
27.75065,2.06825,2022-05-10,3
27.75065,2.06815,2022-05-10,3
27.75065,2.06805,2022-05-10,3
27.75065,2.05445,2024-08-08,2
27.75065,2.05435,2024-07-15,3
27.75065,2.05425,2022-05-10,4
27.75065,2.05415,2022-05-10,4
27.75065,2.05405,2022-05-10,4
27.75065,2.05395,2023-08-26,3
27.75065,2.0538499999999997,2023-04-16,3
27.75065,2.05375,2022-02-19,4
27.75065,2.05365,2022-02-19,3
27.75065,2.05355,2022-02-19,3
27.75065,2.0534499999999998,2023-04-19,3
27.75065,2.05335,2023-04-19,3
27.75065,2.05255,2019-06-12,3
27.75065,2.05245,2019-03-08,3
27.75065,2.05235,2019-03-08,3
27.75065,2.05225,2019-03-08,3
27.75065,2.05215,2019-03-08,3
27.75065,2.04725,2021-02-01,3
27.75065,2.04715,2021-02-01,3
27.75065,2.04675,2019-08-11,3
27.75065,2.04665,2019-03-08,3
27.75065,2.04655,2019-03-20,3
27.75065,2.04645,2019-03-20,3
27.75065,2.0393499999999998,2024-02-10,3
27.75065,2.03925,2024-02-10,3
27.75065,2.03915,2024-02-10,3
27.75065,2.03905,2024-02-10,3
27.75065,2.03895,2024-02-22,3
27.75065,2.03885,2024-01-29,3
27.75065,2.03875,2024-02-22,3
27.75065,2.03865,2024-02-10,3
27.75065,2.03855,2024-02-10,3
27.75065,2.03845,2024-03-05,3
27.75065,2.03835,2024-04-22,3
27.75065,2.03825,2024-04-04,4
27.75065,2.03815,2024-04-04,4
27.75065,2.03805,2024-04-04,3
27.75065,2.0374499999999998,2024-08-20,2
27.75065,2.03735,2023-03-23,3
27.75065,2.0372500000000002,2023-02-03,3
27.75065,2.03715,2023-02-03,3
27.75065,2.03705,2023-02-03,3
27.75065,2.03695,2023-01-22,3
27.75065,2.03685,2023-01-22,3
27.75065,2.03675,2023-02-03,3
27.75065,2.03665,2023-08-26,3
27.75065,2.03495,2020-03-02,3
27.75065,2.03485,2020-03-02,3
27.75065,2.03475,2021-03-09,3
27.75065,2.03015,2024-01-17,3
27.75065,2.02995,2023-04-02,4
27.75065,2.02985,2023-04-02,4
27.75065,2.02975,2022-02-19,4
27.75065,2.02965,2022-02-19,3
27.75065,2.02955,2022-02-19,3
27.75065,2.0294499999999998,2023-01-05,3
27.75065,2.02935,2023-01-05,3
27.75065,1.84035,2024-01-05,3
27.75065,1.84025,2024-01-05,3
27.75065,1.84015,2024-01-05,3
27.75065,1.84005,2023-09-19,3
27.75065,1.83995,2024-01-05,3
27.75065,1.83985,2024-01-05,3
27.75065,1.8207499999999999,2022-11-23,3
27.75065,1.82065,2022-10-30,3
27.75065,1.82055,2022-09-24,3
27.75065,1.8204500000000001,2022-09-24,3
27.75065,1.82035,2022-09-24,3
27.75065,1.82025,2022-07-26,3
27.75065,1.82015,2022-07-26,3
27.75065,1.82005,2022-07-26,3
27.75065,1.81995,2022-07-26,3
27.75065,1.81985,2022-07-26,3
27.75065,1.81975,2022-07-26,3
27.75065,1.81965,2022-10-30,3
27.75065,1.81735,2022-10-30,2
27.75065,1.81385,2023-01-10,3
27.75065,1.81375,2023-01-10,3
27.75065,1.81365,2022-12-17,3
27.75065,1.81355,2022-12-17,3
27.75065,1.81345,2022-12-05,3
27.75065,1.81335,2022-11-11,3
27.75065,1.81325,2022-11-11,4
27.75065,1.8131499999999998,2022-11-11,4
27.75065,1.81305,2022-12-17,4
27.75065,1.8129499999999998,2022-10-24,4
27.75065,1.81285,2022-10-24,4
27.75065,1.8127499999999999,2022-11-23,4
27.75065,1.81265,2022-09-24,4
27.75065,1.8125499999999999,2022-09-24,4
27.75065,1.8124500000000001,2022-09-24,4
27.75065,1.81235,2022-09-12,4
27.75065,1.81225,2022-09-12,4
27.75065,1.81215,2022-08-19,4
27.75065,1.81205,2022-09-12,4
27.75065,1.81195,2022-09-12,4
27.75065,1.81185,2022-09-12,4
27.75065,1.81175,2022-09-12,4
27.75065,1.81165,2022-10-24,3
27.75065,1.81155,2022-10-24,4
27.75065,1.8103500000000001,2023-04-04,3
27.75065,1.81025,2023-04-04,3
27.75065,1.81015,2023-03-23,3
27.75065,1.81005,2023-03-23,3
27.75065,1.79925,2024-08-02,2
27.75065,1.79915,2024-08-02,2
27.75065,1.7990499999999998,2024-08-02,2
27.75065,1.72065,2024-01-05,3
27.75065,1.7205499999999998,2023-12-24,3
27.75065,1.72045,2024-01-17,3
27.75065,1.7203499999999998,2024-01-17,3
27.75065,1.72025,2023-12-12,3
27.75065,1.57005,2022-01-03,3
27.75065,1.56995,2022-01-03,3
27.75065,1.56985,2022-11-11,3
27.75065,1.56975,2022-11-11,3
27.75065,1.56965,2022-11-11,3
27.75065,1.56955,2022-10-30,3
27.75065,1.44435,2024-01-17,3
27.75065,1.44425,2024-01-05,3
27.75065,1.44415,2024-01-05,3
27.75065,1.44405,2024-01-05,3
27.75065,1.44325,2021-02-13,3
27.75065,1.44315,2024-08-08,2
27.75065,1.44305,2024-08-08,3
27.75065,1.44295,2024-08-08,3
27.75065,1.44285,2024-07-27,2
27.75065,1.44095,2024-05-07,2
27.75065,1.44085,2024-05-07,2
27.75065,1.44075,2023-08-17,3
27.75065,1.44065,2023-08-17,3
27.75065,1.44055,2023-08-17,3
27.75065,1.44045,2023-08-17,3
27.75065,1.44035,2023-08-17,3
27.75065,1.44025,2023-08-17,3
27.75065,1.44015,2023-02-03,4
27.75065,1.44005,2023-01-10,4
27.75065,1.4399499999999998,2023-01-10,4
27.75065,1.4398499999999999,2023-01-10,4
27.75065,1.4397499999999999,2023-01-10,4
27.75065,1.4396499999999999,2022-12-29,4
27.75065,1.4395499999999999,2022-12-17,4
27.75065,1.43945,2022-12-17,4
27.75065,1.43935,2022-12-17,4
27.75065,1.43925,2022-12-17,4
27.75065,1.43915,2022-12-29,4
27.75065,1.43905,2022-12-29,4
27.75065,1.43895,2022-12-29,4
27.75065,1.43885,2022-12-29,4
27.75065,1.43875,2023-02-03,4
27.75065,1.43865,2023-04-19,3
27.75065,1.43855,2023-04-19,3
27.75065,1.42845,2024-08-08,3
27.75065,1.42835,2024-05-04,3
27.75065,1.42825,2024-05-04,4
27.75065,1.42815,2024-05-04,4
27.75065,1.42805,2024-05-04,4
27.75065,1.42795,2024-05-04,3
27.75065,1.4278499999999998,2024-05-28,3
27.75065,1.4277499999999999,2024-07-27,3
27.75065,1.40585,2024-08-20,2
27.75065,1.40575,2024-07-27,2
27.75065,1.30605,2023-10-25,3
27.75065,1.30595,2022-12-17,3
27.75065,1.30585,2022-12-17,3
27.75065,1.3004499999999999,2023-01-10,3
27.75065,1.30035,2023-01-10,3
27.75065,1.30025,2023-01-10,3
27.75065,1.30015,2023-01-10,3
27.75065,1.30005,2023-01-10,3
27.75065,1.29995,2023-01-10,3
27.75065,1.29985,2022-12-17,3
27.75065,1.29975,2023-01-10,4
27.75065,1.29965,2022-09-24,4
27.75065,1.29955,2022-09-24,4
27.75065,1.29945,2022-10-01,4
27.75065,1.29935,2022-10-01,4
27.75065,1.29925,2022-09-24,4
27.75065,1.29915,2022-10-01,4
27.75065,1.29905,2022-10-01,4
27.75065,1.29895,2022-09-12,3
27.75065,1.2988499999999998,2022-09-12,3
27.75065,1.2987499999999998,2022-09-12,3
27.75065,1.2986499999999999,2022-09-12,3
27.75065,1.2985499999999999,2022-12-17,3
27.75065,1.2984499999999999,2022-12-17,3
27.75065,1.29835,2023-11-06,3
27.75065,1.2787499999999998,2021-07-19,3
27.75065,1.2786499999999998,2021-08-24,3
27.75065,1.07535,2021-04-14,3
27.75065,1.07525,2021-04-14,3
27.75065,1.0751499999999998,2021-04-14,3
27.75065,1.0750499999999998,2021-04-14,3
27.75065,1.0749499999999999,2021-04-14,3
27.75075,2.49165,2022-02-20,3
27.75075,2.49155,2020-11-09,3
27.75075,2.49145,2020-03-02,3
27.75075,2.49135,2020-01-26,3
27.75075,2.49125,2020-01-26,3
27.75075,2.49115,2020-01-26,3
27.75075,2.49105,2020-01-26,3
27.75075,2.49095,2020-01-26,3
27.75075,2.49085,2020-01-26,3
27.75075,2.49075,2020-02-24,3
27.75075,2.49065,2020-05-25,3
27.75075,2.49055,2022-05-03,3
27.75075,2.48475,2023-04-18,3
27.75075,2.48465,2023-04-18,3
27.75075,2.48455,2023-04-18,3
27.75075,2.46885,2021-03-26,3
27.75075,2.46875,2021-03-26,3
27.75075,2.46865,2021-03-09,3
27.75075,2.46855,2021-03-09,3
27.75075,2.46825,2021-03-11,3
27.75075,2.46815,2021-03-11,3
27.75075,2.46805,2021-03-11,3
27.75075,2.46675,2021-04-12,3
27.75075,2.46665,2021-04-12,3
27.75075,2.46655,2021-04-12,3
27.75075,2.46645,2021-03-11,3
27.75075,2.46635,2021-03-11,3
27.75075,2.46545,2021-04-04,3
27.75075,2.46535,2021-04-04,3
27.75075,2.46525,2021-03-11,3
27.75075,2.46515,2021-03-11,3
27.75075,2.46505,2021-03-11,3
27.75075,2.45925,2021-03-11,3
27.75075,2.45915,2021-03-11,4
27.75075,2.45905,2021-03-11,4
27.75075,2.45145,2024-04-04,3
27.75075,2.45135,2024-04-04,3
27.75075,2.45125,2024-04-04,3
27.75075,2.45115,2024-04-04,3
27.75075,2.45105,2024-04-04,3
27.75075,2.44695,2024-05-06,3
27.75075,2.44685,2024-05-06,3
27.75075,2.41295,2023-04-02,3
27.75075,2.41285,2023-04-02,3
27.75075,2.41275,2023-02-06,3
27.75075,2.41265,2023-02-06,3
27.75075,2.41255,2023-02-06,3
27.75075,2.41075,2021-03-11,3
27.75075,2.41065,2021-03-11,3
27.75075,2.41055,2021-03-11,3
27.75075,2.41045,2023-04-02,3
27.75075,2.41035,2023-04-02,3
27.75075,2.41025,2023-04-18,3
27.75075,2.41015,2023-04-18,3
27.75075,2.41005,2023-04-18,3
27.75075,2.40995,2021-03-11,3
27.75075,2.40985,2021-03-11,3
27.75075,2.40695,2021-02-01,3
27.75075,2.40685,2021-02-01,3
27.75075,2.40675,2021-02-01,3
27.75075,2.40665,2021-02-01,3
27.75075,2.40655,2021-03-09,3
27.75075,2.40645,2021-03-09,3
27.75075,2.4063499999999998,2021-03-21,3
27.75075,2.40625,2021-12-22,3
27.75075,2.40615,2023-03-04,3
27.75075,2.40605,2023-04-28,3
27.75075,2.40595,2023-03-11,3
27.75075,2.40585,2023-03-11,3
27.75075,2.40435,2022-11-28,3
27.75075,2.40425,2022-08-12,3
27.75075,2.40415,2022-04-26,3
27.75075,2.40405,2022-04-26,3
27.75075,2.40295,2021-03-19,3
27.75075,2.40285,2021-03-19,3
27.75075,2.40275,2021-03-19,3
27.75075,2.40265,2021-03-19,3
27.75075,2.40255,2021-03-19,3
27.75075,2.38745,2022-03-16,3
27.75075,2.38735,2022-03-16,3
27.75075,2.38565,2020-01-19,3
27.75075,2.38555,2020-01-31,3
27.75075,2.38545,2020-05-01,3
27.75075,2.38535,2022-08-19,3
27.75075,2.38525,2023-04-09,3
27.75075,2.33045,2022-04-02,3
27.75075,2.33035,2022-03-28,3
27.75075,2.33025,2022-03-04,3
27.75075,2.33015,2022-04-09,3
27.75075,2.33005,2023-02-20,3
27.75075,2.25995,2021-03-11,3
27.75075,2.25985,2021-03-11,3
27.75075,2.25445,2023-05-04,3
27.75075,2.25435,2023-05-04,3
27.75075,2.25425,2023-04-02,3
27.75075,2.25415,2023-04-02,3
27.75075,2.25405,2023-04-02,3
27.75075,2.24565,2019-03-08,3
27.75075,2.24555,2019-03-08,3
27.75075,2.24545,2019-02-24,3
27.75075,2.24535,2019-02-24,3
27.75075,2.24525,2019-02-24,3
27.75075,2.2451499999999998,2019-03-08,3
27.75075,2.2449500000000002,2020-07-24,3
27.75075,2.24485,2020-03-02,3
27.75075,2.24475,2020-03-02,3
27.75075,2.2327500000000002,2022-01-15,3
27.75075,2.23265,2022-01-15,3
27.75075,2.23255,2020-05-25,3
27.75075,2.23245,2020-06-18,3
27.75075,2.23235,2020-06-06,3
27.75075,2.22015,2024-02-22,3
27.75075,2.22005,2024-02-10,3
27.75075,2.21995,2024-02-22,3
27.75075,2.21985,2023-08-26,3
27.75075,2.21975,2023-08-26,3
27.75075,2.21965,2023-07-21,3
27.75075,2.21955,2023-02-03,3
27.75075,2.21845,2024-03-04,3
27.75075,2.21835,2024-03-04,3
27.75075,2.18725,2024-03-28,3
27.75075,2.18715,2024-03-28,3
27.75075,2.18705,2024-03-28,3
27.75075,2.17025,2024-03-28,3
27.75075,2.17015,2024-03-28,3
27.75075,2.17005,2024-03-28,3
27.75075,2.16995,2024-03-28,3
27.75075,2.16985,2024-03-28,3
27.75075,2.16825,2021-03-11,3
27.75075,2.16815,2021-03-11,3
27.75075,2.16805,2021-03-11,3
27.75075,2.16795,2021-03-11,3
27.75075,2.16785,2021-03-11,3
27.75075,2.16775,2021-03-11,3
27.75075,2.16765,2021-03-11,3
27.75075,2.16755,2021-03-11,3
27.75075,2.16745,2022-02-19,3
27.75075,2.16735,2022-02-19,3
27.75075,2.16675,2022-05-15,3
27.75075,2.1666499999999997,2022-05-15,3
27.75075,2.16325,2020-12-27,3
27.75075,2.16315,2021-02-01,3
27.75075,2.16305,2023-01-10,3
27.75075,2.16295,2023-01-10,3
27.75075,2.16285,2022-12-29,3
27.75075,2.16275,2022-12-29,3
27.75075,2.16265,2022-12-29,3
27.75075,2.16255,2022-12-29,3
27.75075,2.1624499999999998,2022-12-29,3
27.75075,2.16235,2023-01-10,3
27.75075,2.1622500000000002,2021-02-01,3
27.75075,2.16215,2020-10-28,3
27.75075,2.16205,2020-07-24,3
27.75075,2.16195,2020-07-24,3
27.75075,2.16185,2020-10-28,3
27.75075,2.16175,2021-02-01,3
27.75075,2.16165,2021-02-01,3
27.75075,2.16155,2021-02-01,3
27.75075,2.16145,2021-02-01,3
27.75075,2.16135,2021-02-13,3
27.75075,2.16125,2021-02-13,3
27.75075,2.16115,2021-03-09,3
27.75075,2.16105,2021-02-13,3
27.75075,2.16095,2021-02-13,3
27.75075,2.16085,2021-02-13,3
27.75075,2.16075,2021-03-09,3
27.75075,2.1605499999999997,2021-07-19,3
27.75075,2.16045,2021-02-25,3
27.75075,2.16035,2021-02-25,3
27.75075,2.16025,2021-02-25,3
27.75075,2.16015,2021-02-25,3
27.75075,2.16005,2021-02-25,3
27.75075,2.15975,2021-03-11,3
27.75075,2.15965,2021-03-11,3
27.75075,2.15955,2021-03-11,3
27.75075,2.15145,2019-03-08,3
27.75075,2.15135,2019-02-24,3
27.75075,2.15125,2019-02-24,3
27.75075,2.15115,2019-02-24,3
27.75075,2.15065,2019-02-24,3
27.75075,2.15055,2019-02-24,3
27.75075,2.15045,2019-02-24,3
27.75075,2.15035,2019-02-24,3
27.75075,2.1502499999999998,2019-02-24,3
27.75075,2.14115,2022-03-04,3
27.75075,2.14105,2022-12-29,3
27.75075,2.14095,2022-01-27,3
27.75075,2.14085,2022-03-16,3
27.75075,2.14075,2022-01-27,3
27.75075,2.14065,2023-12-24,3
27.75075,2.14055,2023-12-24,3
27.75075,2.14045,2023-12-24,3
27.75075,2.1403499999999998,2023-12-24,3
27.75075,2.14025,2023-12-24,4
27.75075,2.14015,2024-04-29,3
27.75075,2.14005,2024-04-29,3
27.75075,2.12725,2024-08-08,3
27.75075,2.12715,2024-08-08,2
27.75075,2.10165,2021-06-25,3
27.75075,2.10155,2021-06-01,3
27.75075,2.10145,2021-02-25,3
27.75075,2.10135,2021-02-25,3
27.75075,2.10125,2021-02-25,3
27.75075,2.10115,2021-03-21,3
27.75075,2.10105,2021-03-09,3
27.75075,2.10095,2021-03-09,3
27.75075,2.10085,2021-03-09,3
27.75075,2.10075,2021-03-09,3
27.75075,2.10065,2020-05-13,3
27.75075,2.10055,2020-05-25,3
27.75075,2.10045,2020-05-25,3
27.75075,2.10035,2021-07-19,3
27.75075,2.09795,2022-02-18,3
27.75075,2.09785,2022-02-18,3
27.75075,2.09775,2022-02-18,3
27.75075,2.09765,2022-02-18,3
27.75075,2.09755,2022-02-18,3
27.75075,2.09325,2019-03-08,3
27.75075,2.09315,2019-03-20,3
27.75075,2.09305,2019-02-24,3
27.75075,2.09295,2019-02-24,3
27.75075,2.09285,2019-02-24,3
27.75075,2.09275,2019-02-24,3
27.75075,2.07325,2019-02-24,3
27.75075,2.07315,2019-02-24,3
27.75075,2.07305,2019-02-24,3
27.75075,2.07295,2019-02-24,3
27.75075,2.07285,2019-02-12,3
27.75075,2.07065,2021-02-13,3
27.75075,2.07055,2021-02-01,3
27.75075,2.07045,2020-07-12,3
27.75075,2.07035,2020-07-12,3
27.75075,2.05445,2024-07-27,3
27.75075,2.05435,2024-10-07,2
27.75075,2.05425,2024-10-07,2
27.75075,2.05415,2022-08-19,3
27.75075,2.05405,2022-08-19,3
27.75075,2.05395,2024-07-03,3
27.75075,2.0538499999999997,2023-07-21,3
27.75075,2.05375,2023-07-21,3
27.75075,2.0534499999999998,2023-05-04,3
27.75075,2.05335,2023-05-04,3
27.75075,2.05245,2019-07-30,3
27.75075,2.05235,2019-07-06,3
27.75075,2.05225,2019-07-06,3
27.75075,2.04735,2021-02-01,3
27.75075,2.04725,2021-02-01,3
27.75075,2.04715,2021-02-01,3
27.75075,2.04705,2021-02-01,3
27.75075,2.04665,2019-08-11,3
27.75075,2.04655,2019-03-20,3
27.75075,2.04635,2021-02-25,3
27.75075,2.03925,2024-02-10,3
27.75075,2.03915,2024-02-10,3
27.75075,2.03905,2024-02-10,3
27.75075,2.03895,2024-01-29,3
27.75075,2.03885,2024-01-29,3
27.75075,2.03875,2024-01-29,3
27.75075,2.03865,2024-02-10,3
27.75075,2.03855,2024-02-10,3
27.75075,2.03845,2024-03-05,4
27.75075,2.03835,2024-03-28,4
27.75075,2.03735,2024-02-22,3
27.75075,2.0372500000000002,2023-06-03,3
27.75075,2.03715,2023-02-03,3
27.75075,2.03705,2023-02-03,3
27.75075,2.03695,2023-02-03,3
27.75075,2.03685,2023-01-22,3
27.75075,2.03675,2023-12-12,3
27.75075,2.02985,2024-07-15,2
27.75075,2.02975,2024-05-16,3
27.75075,2.02725,2023-05-21,3
27.75075,2.02715,2023-05-21,3
27.75075,2.02705,2023-05-21,3
27.75075,2.02695,2023-04-02,3
27.75075,2.02685,2023-04-02,3
27.75075,1.94045,2022-12-05,3
27.75075,1.94035,2022-11-11,3
27.75075,1.9402499999999998,2022-11-11,3
27.75075,1.94015,2022-11-11,3
27.75075,1.84015,2024-01-17,3
27.75075,1.84005,2024-01-05,3
27.75075,1.8207499999999999,2022-12-29,3
27.75075,1.82065,2022-10-30,3
27.75075,1.82055,2022-10-30,3
27.75075,1.8204500000000001,2022-12-29,3
27.75075,1.82035,2022-09-24,3
27.75075,1.82025,2022-10-30,3
27.75075,1.82015,2022-07-26,3
27.75075,1.82005,2022-07-26,3
27.75075,1.81995,2022-07-26,3
27.75075,1.81985,2022-07-26,3
27.75075,1.81975,2022-07-26,3
27.75075,1.81965,2022-07-26,3
27.75075,1.81955,2022-07-26,3
27.75075,1.81945,2022-07-14,3
27.75075,1.81745,2022-10-30,2
27.75075,1.81735,2022-10-30,2
27.75075,1.81375,2023-01-10,3
27.75075,1.81365,2022-12-17,3
27.75075,1.81355,2022-12-17,3
27.75075,1.81345,2022-12-17,3
27.75075,1.81335,2022-11-23,3
27.75075,1.81325,2022-10-30,3
27.75075,1.8131499999999998,2022-10-30,3
27.75075,1.81305,2022-10-30,3
27.75075,1.8129499999999998,2022-10-24,4
27.75075,1.81285,2022-09-24,4
27.75075,1.8127499999999999,2022-09-24,4
27.75075,1.81265,2022-09-12,4
27.75075,1.8125499999999999,2022-09-12,4
27.75075,1.8124500000000001,2022-09-12,4
27.75075,1.81235,2022-09-12,4
27.75075,1.81225,2022-09-24,4
27.75075,1.81215,2022-09-24,4
27.75075,1.81205,2022-09-12,4
27.75075,1.81195,2022-12-11,4
27.75075,1.81185,2022-12-11,4
27.75075,1.81175,2022-12-11,4
27.75075,1.81165,2022-12-11,4
27.75075,1.81155,2022-12-11,4
27.75075,1.81145,2022-12-17,3
27.75075,1.81135,2022-08-19,3
27.75075,1.8112499999999998,2022-12-29,3
27.75075,1.81115,2022-12-17,3
27.75075,1.81055,2022-12-29,3
27.75075,1.81045,2022-12-29,3
27.75075,1.8103500000000001,2022-12-29,3
27.75075,1.81025,2023-04-04,3
27.75075,1.79945,2024-09-01,4
27.75075,1.79935,2024-09-25,4
27.75075,1.79925,2024-09-11,4
27.75075,1.79915,2024-09-01,4
27.75075,1.7990499999999998,2024-09-11,3
27.75075,1.73945,2024-02-08,3
27.75075,1.73935,2024-02-08,3
27.75075,1.72075,2024-09-25,2
27.75075,1.72065,2024-01-05,3
27.75075,1.7205499999999998,2023-11-18,3
27.75075,1.72045,2023-11-30,3
27.75075,1.7203499999999998,2024-03-29,3
27.75075,1.72025,2023-12-24,3
27.75075,1.64745,2024-05-06,3
27.75075,1.6473499999999999,2024-05-06,3
27.75075,1.56995,2023-01-10,3
27.75075,1.56985,2023-01-10,3
27.75075,1.56975,2023-01-10,3
27.75075,1.56965,2022-12-17,3
27.75075,1.56955,2022-12-17,3
27.75075,1.50945,2021-12-22,3
27.75075,1.50935,2024-06-21,3
27.75075,1.44445,2024-01-17,3
27.75075,1.44435,2024-01-05,3
27.75075,1.44425,2024-01-05,3
27.75075,1.44415,2024-01-05,3
27.75075,1.44405,2024-01-05,3
27.75075,1.44335,2020-11-21,3
27.75075,1.44325,2020-10-28,3
27.75075,1.44315,2020-10-28,3
27.75075,1.44305,2024-08-08,3
27.75075,1.44295,2024-08-08,3
27.75075,1.44285,2024-07-27,3
27.75075,1.44125,2024-05-07,2
27.75075,1.44115,2024-05-07,2
27.75075,1.44105,2024-05-07,2
27.75075,1.44095,2023-08-17,3
27.75075,1.44085,2023-08-17,3
27.75075,1.44075,2023-08-17,3
27.75075,1.44065,2023-08-17,3
27.75075,1.44055,2023-08-17,3
27.75075,1.44045,2023-08-17,3
27.75075,1.44035,2023-08-17,3
27.75075,1.44025,2023-08-17,3
27.75075,1.44015,2023-01-22,4
27.75075,1.44005,2023-01-10,4
27.75075,1.4399499999999998,2023-01-10,4
27.75075,1.4398499999999999,2023-01-10,4
27.75075,1.4397499999999999,2022-12-29,4
27.75075,1.4396499999999999,2022-12-29,4
27.75075,1.4395499999999999,2022-12-29,4
27.75075,1.43945,2022-12-17,4
27.75075,1.43935,2022-12-17,4
27.75075,1.43925,2022-12-17,4
27.75075,1.43915,2022-12-17,4
27.75075,1.43905,2022-12-29,4
27.75075,1.43895,2022-12-29,4
27.75075,1.43885,2022-12-29,4
27.75075,1.43875,2023-01-22,3
27.75075,1.42855,2024-05-04,3
27.75075,1.42845,2024-04-29,4
27.75075,1.42835,2024-04-29,4
27.75075,1.42825,2024-04-29,4
27.75075,1.42815,2024-04-29,4
27.75075,1.42805,2024-04-29,4
27.75075,1.42795,2024-04-29,4
27.75075,1.4278499999999998,2024-04-29,4
27.75075,1.4277499999999999,2024-08-08,3
27.75075,1.40625,2023-08-25,3
27.75075,1.40615,2023-08-25,3
27.75075,1.40605,2023-08-25,3
27.75075,1.40575,2024-09-01,2
27.75075,1.30605,2023-10-25,3
27.75075,1.30595,2022-12-17,3
27.75075,1.3006499999999999,2023-01-10,3
27.75075,1.3005499999999999,2023-01-10,3
27.75075,1.3004499999999999,2022-12-05,3
27.75075,1.30035,2022-12-05,3
27.75075,1.30025,2022-12-05,3
27.75075,1.30015,2023-01-10,3
27.75075,1.30005,2023-01-10,3
27.75075,1.29995,2022-10-01,4
27.75075,1.29985,2022-09-12,4
27.75075,1.29975,2022-09-12,4
27.75075,1.29965,2022-09-12,4
27.75075,1.29955,2022-09-12,4
27.75075,1.29945,2022-09-12,3
27.75075,1.29935,2022-09-12,3
27.75075,1.29925,2022-09-12,3
27.75075,1.29915,2022-10-30,3
27.75075,1.29905,2022-09-12,3
27.75075,1.29895,2022-09-12,3
27.75075,1.2988499999999998,2022-09-12,3
27.75075,1.2987499999999998,2022-09-12,4
27.75075,1.2986499999999999,2022-09-12,4
27.75075,1.2985499999999999,2022-10-01,4
27.75075,1.2984499999999999,2022-12-17,4
27.75075,1.29835,2022-12-17,4
27.75075,1.29825,2023-10-25,3
27.75075,1.2787499999999998,2021-08-12,3
27.75075,1.2786499999999998,2021-08-12,3
27.75075,1.2785499999999999,2021-08-24,3
27.75075,1.07525,2021-04-14,3
27.75075,1.0751499999999998,2021-04-14,3
27.75075,1.0750499999999998,2021-04-14,3
27.75075,1.0749499999999999,2021-04-14,3
27.75085,2.49125,2020-03-02,3
27.75085,2.49115,2020-03-02,3
27.75085,2.49105,2020-03-02,3
27.75085,2.49095,2020-03-02,3
27.75085,2.49085,2020-03-02,3
27.75085,2.49075,2020-03-02,3
27.75085,2.49065,2020-03-02,3
27.75085,2.49055,2021-09-05,3
27.75085,2.48475,2023-04-18,3
27.75085,2.48465,2023-04-18,3
27.75085,2.48455,2023-04-18,3
27.75085,2.46825,2021-03-11,3
27.75085,2.46815,2021-03-11,3
27.75085,2.46805,2021-03-11,3
27.75085,2.46675,2021-04-12,3
27.75085,2.46665,2021-04-12,3
27.75085,2.46655,2021-04-12,3
27.75085,2.46645,2021-03-11,3
27.75085,2.46635,2021-03-11,3
27.75085,2.46545,2021-04-04,3
27.75085,2.46535,2021-04-04,3
27.75085,2.46525,2021-03-11,3
27.75085,2.46515,2021-03-11,3
27.75085,2.46505,2021-03-11,3
27.75085,2.45985,2021-04-02,3
27.75085,2.45975,2021-04-02,3
27.75085,2.45965,2021-04-19,3
27.75085,2.45955,2021-04-19,3
27.75085,2.45925,2021-03-11,3
27.75085,2.45915,2021-03-11,4
27.75085,2.45905,2021-03-11,4
27.75085,2.45145,2024-04-04,3
27.75085,2.45135,2024-04-04,3
27.75085,2.45125,2024-04-04,3
27.75085,2.45115,2024-04-04,3
27.75085,2.45105,2024-04-04,3
27.75085,2.44695,2024-05-06,3
27.75085,2.44685,2024-05-06,3
27.75085,2.41295,2023-04-02,3
27.75085,2.41285,2023-04-02,3
27.75085,2.41275,2023-02-06,3
27.75085,2.41265,2023-02-06,3
27.75085,2.41255,2023-02-06,3
27.75085,2.41075,2021-03-11,3
27.75085,2.41065,2021-03-11,3
27.75085,2.41055,2021-03-11,3
27.75085,2.41045,2023-04-02,3
27.75085,2.41035,2023-04-02,3
27.75085,2.41025,2023-04-18,3
27.75085,2.41015,2023-04-18,3
27.75085,2.41005,2023-04-18,3
27.75085,2.40995,2021-03-11,3
27.75085,2.40985,2021-03-11,3
27.75085,2.40685,2021-02-13,3
27.75085,2.40675,2021-02-06,3
27.75085,2.40665,2021-02-06,3
27.75085,2.40655,2021-02-06,3
27.75085,2.40645,2021-03-21,3
27.75085,2.4063499999999998,2021-05-20,3
27.75085,2.40625,2021-05-20,3
27.75085,2.40615,2023-02-20,3
27.75085,2.40605,2023-02-20,3
27.75085,2.40595,2023-02-20,3
27.75085,2.40585,2023-02-27,3
27.75085,2.40575,2023-03-04,3
27.75085,2.40295,2021-03-19,3
27.75085,2.40285,2021-03-19,3
27.75085,2.40275,2021-03-19,3
27.75085,2.40265,2021-03-19,3
27.75085,2.40255,2021-03-19,3
27.75085,2.38735,2023-04-16,3
27.75085,2.38595,2020-09-10,3
27.75085,2.38585,2020-07-12,3
27.75085,2.38575,2020-10-16,3
27.75085,2.38565,2020-06-30,3
27.75085,2.38555,2021-05-08,3
27.75085,2.38545,2022-10-06,3
27.75085,2.33055,2024-10-07,2
27.75085,2.33045,2022-04-09,3
27.75085,2.33035,2022-04-09,3
27.75085,2.33025,2022-03-04,3
27.75085,2.33015,2022-03-04,3
27.75085,2.33005,2022-12-29,3
27.75085,2.25995,2021-03-11,3
27.75085,2.25985,2021-03-11,3
27.75085,2.25445,2023-05-04,3
27.75085,2.25435,2023-05-04,3
27.75085,2.25425,2023-04-02,3
27.75085,2.25415,2023-04-02,3
27.75085,2.25405,2023-04-02,3
27.75085,2.24585,2019-03-08,3
27.75085,2.24575,2019-03-08,3
27.75085,2.24565,2019-02-24,3
27.75085,2.24555,2019-02-24,3
27.75085,2.24545,2019-02-24,3
27.75085,2.24535,2019-02-24,3
27.75085,2.24525,2019-02-24,3
27.75085,2.2451499999999998,2019-03-08,3
27.75085,2.24505,2019-03-20,3
27.75085,2.23655,2019-06-24,3
27.75085,2.23645,2019-06-24,3
27.75085,2.23635,2019-05-07,3
27.75085,2.23625,2019-05-07,3
27.75085,2.23615,2019-05-19,3
27.75085,2.23595,2020-03-26,3
27.75085,2.23585,2020-03-26,3
27.75085,2.23575,2020-03-26,3
27.75085,2.23285,2021-12-22,3
27.75085,2.21965,2022-03-04,3
27.75085,2.21955,2022-03-04,3
27.75085,2.21945,2022-03-04,3
27.75085,2.21935,2023-04-04,3
27.75085,2.21845,2024-03-04,3
27.75085,2.21835,2024-03-04,3
27.75085,2.18725,2024-03-28,3
27.75085,2.18715,2024-03-28,3
27.75085,2.18705,2024-03-28,3
27.75085,2.17025,2024-03-28,3
27.75085,2.17015,2024-03-28,3
27.75085,2.17005,2024-03-28,3
27.75085,2.16995,2024-03-28,3
27.75085,2.16985,2024-03-28,3
27.75085,2.16835,2021-02-13,3
27.75085,2.16825,2021-02-13,4
27.75085,2.16815,2021-02-13,4
27.75085,2.16805,2021-02-25,4
27.75085,2.16795,2021-02-25,4
27.75085,2.16785,2021-03-11,4
27.75085,2.16775,2021-03-11,4
27.75085,2.16765,2021-03-11,3
27.75085,2.16755,2021-03-11,3
27.75085,2.16745,2022-02-19,3
27.75085,2.16735,2022-02-19,3
27.75085,2.16155,2021-09-17,3
27.75085,2.16145,2021-05-20,3
27.75085,2.16135,2021-05-20,3
27.75085,2.16125,2021-04-14,3
27.75085,2.16115,2021-03-09,3
27.75085,2.16105,2022-10-06,3
27.75085,2.16095,2024-08-08,3
27.75085,2.1605499999999997,2021-06-01,3
27.75085,2.16045,2021-02-25,3
27.75085,2.16035,2021-02-25,3
27.75085,2.16025,2021-02-25,3
27.75085,2.16015,2021-02-25,3
27.75085,2.16005,2021-02-25,3
27.75085,2.15995,2021-02-25,3
27.75085,2.15975,2021-03-11,3
27.75085,2.15965,2021-03-11,3
27.75085,2.15955,2021-03-11,3
27.75085,2.15165,2019-03-20,3
27.75085,2.15155,2019-02-24,3
27.75085,2.15145,2019-02-24,3
27.75085,2.15135,2019-02-24,3
27.75085,2.15125,2019-02-24,3
27.75085,2.15055,2019-04-25,3
27.75085,2.15045,2019-07-30,3
27.75085,2.15035,2019-06-12,3
27.75085,2.1502499999999998,2019-03-08,3
27.75085,2.14105,2023-02-15,3
27.75085,2.14095,2023-01-10,3
27.75085,2.14085,2023-08-14,3
27.75085,2.14075,2022-01-27,3
27.75085,2.14065,2022-01-27,3
27.75085,2.14055,2022-01-27,3
27.75085,2.14045,2022-01-27,3
27.75085,2.1403499999999998,2022-04-09,3
27.75085,2.14025,2022-11-23,4
27.75085,2.14015,2023-12-24,4
27.75085,2.14005,2024-04-29,3
27.75085,2.12735,2024-08-20,3
27.75085,2.12725,2024-03-05,3
27.75085,2.12715,2024-06-09,3
27.75085,2.12705,2024-06-09,3
27.75085,2.12695,2024-06-09,3
27.75085,2.10165,2021-07-19,3
27.75085,2.10155,2021-04-14,3
27.75085,2.10145,2021-03-09,3
27.75085,2.10135,2021-03-09,3
27.75085,2.10125,2021-03-09,3
27.75085,2.10115,2021-03-09,3
27.75085,2.10105,2022-02-20,3
27.75085,2.10095,2022-02-08,3
27.75085,2.10075,2022-05-03,3
27.75085,2.10065,2023-06-27,3
27.75085,2.09865,2023-05-22,3
27.75085,2.09855,2022-03-16,3
27.75085,2.09845,2022-03-04,3
27.75085,2.09835,2022-03-04,3
27.75085,2.09825,2022-03-04,3
27.75085,2.09815,2022-02-20,3
27.75085,2.0980499999999997,2022-02-20,3
27.75085,2.09795,2022-02-18,3
27.75085,2.09785,2022-02-18,3
27.75085,2.09775,2022-02-18,3
27.75085,2.09765,2022-02-18,3
27.75085,2.09755,2022-02-18,3
27.75085,2.09275,2019-02-24,3
27.75085,2.09265,2019-02-24,3
27.75085,2.07335,2019-02-24,3
27.75085,2.07325,2019-02-24,3
27.75085,2.07315,2019-02-24,3
27.75085,2.07305,2019-02-24,3
27.75085,2.07275,2019-02-12,3
27.75085,2.07265,2019-02-12,3
27.75085,2.07255,2019-02-12,3
27.75085,2.06765,2024-02-22,3
27.75085,2.0675499999999998,2024-02-22,3
27.75085,2.0534499999999998,2023-05-04,3
27.75085,2.05335,2023-05-04,3
27.75085,2.04745,2021-02-01,3
27.75085,2.04735,2021-02-01,3
27.75085,2.04725,2021-02-01,3
27.75085,2.04715,2021-02-01,3
27.75085,2.04705,2021-02-01,3
27.75085,2.03915,2024-02-22,3
27.75085,2.03905,2024-02-22,3
27.75085,2.03895,2024-01-29,3
27.75085,2.03885,2024-01-29,3
27.75085,2.03875,2024-01-29,3
27.75085,2.03865,2024-02-22,3
27.75085,2.03855,2024-02-10,3
27.75085,2.03845,2024-03-28,3
27.75085,2.03835,2024-03-28,3
27.75085,2.02725,2023-05-21,3
27.75085,2.02715,2023-05-21,3
27.75085,2.02705,2023-05-21,3
27.75085,2.02695,2023-04-02,3
27.75085,2.02685,2023-04-02,3
27.75085,1.94075,2022-11-11,3
27.75085,1.94065,2022-11-11,3
27.75085,1.94055,2022-04-21,3
27.75085,1.94045,2022-04-21,3
27.75085,1.94035,2022-04-21,3
27.75085,1.9402499999999998,2022-04-21,3
27.75085,1.94015,2022-11-11,3
27.75085,1.9400499999999998,2022-11-11,3
27.75085,1.93995,2022-11-11,3
27.75085,1.9398499999999999,2022-11-11,3
27.75085,1.82015,2022-10-30,3
27.75085,1.82005,2022-10-30,3
27.75085,1.81995,2022-07-26,3
27.75085,1.81985,2022-07-26,3
27.75085,1.81975,2022-08-19,3
27.75085,1.81965,2022-07-14,3
27.75085,1.81955,2022-07-14,3
27.75085,1.81945,2022-07-14,3
27.75085,1.81935,2022-07-26,3
27.75085,1.8192499999999998,2022-07-26,3
27.75085,1.81915,2024-02-10,3
27.75085,1.81745,2022-08-19,2
27.75085,1.81735,2022-08-31,2
27.75085,1.81405,2023-07-09,3
27.75085,1.81395,2023-07-21,3
27.75085,1.81385,2023-06-03,3
27.75085,1.81375,2022-12-17,3
27.75085,1.81365,2022-12-17,3
27.75085,1.81355,2022-10-30,3
27.75085,1.81345,2022-10-30,3
27.75085,1.81335,2022-10-30,3
27.75085,1.81325,2022-09-24,3
27.75085,1.8131499999999998,2022-09-24,3
27.75085,1.81305,2022-09-12,3
27.75085,1.8129499999999998,2022-09-12,4
27.75085,1.81285,2022-09-12,4
27.75085,1.8127499999999999,2022-09-12,4
27.75085,1.81265,2022-09-12,4
27.75085,1.8125499999999999,2022-09-12,4
27.75085,1.8124500000000001,2022-09-12,4
27.75085,1.81235,2022-09-12,4
27.75085,1.81225,2022-09-24,4
27.75085,1.81215,2022-09-24,4
27.75085,1.81205,2022-11-23,4
27.75085,1.81195,2022-12-11,4
27.75085,1.81185,2022-12-11,4
27.75085,1.81175,2022-12-11,4
27.75085,1.81165,2022-12-11,4
27.75085,1.81155,2022-12-11,4
27.75085,1.81145,2022-11-23,3
27.75085,1.81135,2022-08-19,3
27.75085,1.8112499999999998,2022-08-19,3
27.75085,1.81115,2022-09-24,3
27.75085,1.8110499999999998,2022-10-30,3
27.75085,1.81095,2022-10-30,3
27.75085,1.8108499999999998,2022-10-30,3
27.75085,1.81075,2022-10-30,3
27.75085,1.8106499999999999,2022-10-30,3
27.75085,1.81055,2022-09-24,3
27.75085,1.81045,2022-10-30,3
27.75085,1.8103500000000001,2023-01-10,3
27.75085,1.79965,2024-09-01,3
27.75085,1.79955,2024-07-27,3
27.75085,1.79945,2024-07-27,4
27.75085,1.79935,2024-07-27,4
27.75085,1.79925,2024-07-27,4
27.75085,1.79915,2024-07-27,4
27.75085,1.7990499999999998,2024-09-11,3
27.75085,1.73945,2024-02-08,4
27.75085,1.73935,2024-01-29,4
27.75085,1.73925,2024-09-25,2
27.75085,1.72215,2023-11-18,3
27.75085,1.7220499999999999,2023-11-18,3
27.75085,1.72195,2023-11-18,3
27.75085,1.7218499999999999,2023-12-12,3
27.75085,1.7217500000000001,2024-03-29,3
27.75085,1.72065,2023-11-30,3
27.75085,1.7205499999999998,2023-11-30,3
27.75085,1.72045,2023-12-24,3
27.75085,1.7203499999999998,2023-12-24,3
27.75085,1.64745,2024-05-06,3
27.75085,1.6473499999999999,2024-05-06,3
27.75085,1.50945,2021-08-24,3
27.75085,1.50935,2021-03-21,3
27.75085,1.50925,2024-07-15,3
27.75085,1.50915,2024-07-27,3
27.75085,1.50905,2024-01-17,3
27.75085,1.50895,2024-01-17,3
27.75085,1.5088499999999998,2024-01-05,3
27.75085,1.44475,2024-01-17,3
27.75085,1.44465,2024-01-05,3
27.75085,1.44455,2024-01-05,3
27.75085,1.44445,2024-01-05,3
27.75085,1.44435,2024-01-05,3
27.75085,1.44425,2024-01-17,3
27.75085,1.44345,2023-09-19,3
27.75085,1.44335,2021-10-23,3
27.75085,1.44325,2021-11-28,3
27.75085,1.44315,2021-09-17,3
27.75085,1.44305,2024-07-03,3
27.75085,1.44295,2024-08-08,3
27.75085,1.44285,2024-08-08,3
27.75085,1.44215,2024-05-28,3
27.75085,1.44205,2024-05-28,3
27.75085,1.4419499999999998,2024-05-28,3
27.75085,1.44125,2024-05-07,2
27.75085,1.44115,2024-05-07,2
27.75085,1.44105,2024-05-07,2
27.75085,1.44095,2023-08-17,3
27.75085,1.44085,2023-08-17,3
27.75085,1.44075,2023-08-17,3
27.75085,1.44065,2023-08-17,4
27.75085,1.44055,2023-08-17,3
27.75085,1.44045,2023-08-17,3
27.75085,1.44035,2023-08-17,3
27.75085,1.44025,2023-08-17,3
27.75085,1.44015,2023-08-17,3
27.75085,1.44005,2023-08-17,3
27.75085,1.4399499999999998,2023-01-10,4
27.75085,1.4398499999999999,2023-01-10,4
27.75085,1.4397499999999999,2023-04-19,4
27.75085,1.4396499999999999,2023-04-16,4
27.75085,1.4395499999999999,2022-12-29,4
27.75085,1.43945,2022-12-29,4
27.75085,1.43935,2022-12-29,4
27.75085,1.43925,2022-12-29,4
27.75085,1.43915,2022-12-29,4
27.75085,1.43905,2022-12-29,4
27.75085,1.43895,2023-04-04,4
27.75085,1.43885,2023-04-19,4
27.75085,1.42865,2024-05-04,3
27.75085,1.42855,2024-04-22,3
27.75085,1.42845,2024-04-22,4
27.75085,1.42835,2024-04-22,4
27.75085,1.42825,2024-04-22,4
27.75085,1.42815,2024-04-22,4
27.75085,1.42805,2024-04-29,4
27.75085,1.42795,2024-04-29,4
27.75085,1.4278499999999998,2024-04-29,4
27.75085,1.40625,2023-08-25,3
27.75085,1.40615,2023-08-25,3
27.75085,1.40605,2023-08-25,3
27.75085,1.30605,2023-10-13,3
27.75085,1.30095,2023-01-10,3
27.75085,1.3008499999999998,2023-01-10,3
27.75085,1.3007499999999999,2023-01-10,3
27.75085,1.3006499999999999,2023-01-10,3
27.75085,1.3005499999999999,2023-02-15,3
27.75085,1.30025,2022-10-30,3
27.75085,1.30015,2022-10-30,3
27.75085,1.30005,2022-10-30,3
27.75085,1.29995,2022-10-01,4
27.75085,1.29985,2022-09-12,4
27.75085,1.29975,2022-09-12,4
27.75085,1.29965,2022-09-12,4
27.75085,1.29955,2022-09-12,4
27.75085,1.29945,2022-09-12,3
27.75085,1.29935,2022-09-12,3
27.75085,1.29925,2022-09-12,3
27.75085,1.29915,2022-09-12,3
27.75085,1.29905,2022-09-12,3
27.75085,1.29895,2022-09-12,3
27.75085,1.2988499999999998,2022-09-12,3
27.75085,1.2987499999999998,2022-10-01,4
27.75085,1.2986499999999999,2022-10-01,4
27.75085,1.2985499999999999,2022-10-01,4
27.75085,1.2984499999999999,2022-10-30,4
27.75085,1.29835,2022-11-23,4
27.75085,1.29825,2022-11-23,3
27.75085,1.29815,2024-06-21,3
27.75085,1.28485,2022-08-19,3
27.75085,1.2847499999999998,2022-09-12,3
27.75085,1.2846499999999998,2021-11-28,3
27.75085,1.2845499999999999,2021-10-11,3
27.75085,1.2844499999999999,2021-10-11,3
27.75085,1.2787499999999998,2021-08-24,3
27.75085,1.2786499999999998,2021-08-24,3
27.75085,1.2785499999999999,2021-09-05,3
27.75095,2.49125,2024-03-29,3
27.75095,2.49105,2020-03-02,3
27.75095,2.49095,2020-03-02,3
27.75095,2.49085,2020-03-02,3
27.75095,2.49075,2020-03-02,3
27.75095,2.49065,2020-03-02,3
27.75095,2.49055,2021-09-05,3
27.75095,2.48475,2023-04-18,3
27.75095,2.48465,2023-04-18,3
27.75095,2.48455,2023-04-18,3
27.75095,2.46825,2021-03-11,3
27.75095,2.46815,2021-03-11,3
27.75095,2.46805,2021-03-11,3
27.75095,2.46675,2021-04-12,3
27.75095,2.46665,2021-04-12,3
27.75095,2.46655,2021-04-12,3
27.75095,2.46645,2021-03-11,3
27.75095,2.46635,2021-03-11,3
27.75095,2.46545,2021-04-04,3
27.75095,2.46535,2021-04-04,3
27.75095,2.46525,2021-03-11,3
27.75095,2.46515,2021-03-11,3
27.75095,2.46505,2021-03-11,3
27.75095,2.45985,2021-04-19,3
27.75095,2.45975,2021-04-19,3
27.75095,2.45965,2021-04-19,3
27.75095,2.45955,2021-06-01,3
27.75095,2.45925,2021-03-11,3
27.75095,2.45915,2021-03-11,4
27.75095,2.45905,2021-03-11,4
27.75095,2.45145,2024-04-04,3
27.75095,2.45135,2024-04-04,3
27.75095,2.45125,2024-04-04,3
27.75095,2.45115,2024-04-04,3
27.75095,2.45105,2024-04-04,3
27.75095,2.44695,2024-05-06,3
27.75095,2.44685,2024-05-06,3
27.75095,2.41295,2023-04-02,3
27.75095,2.41285,2023-04-02,3
27.75095,2.41275,2023-02-06,3
27.75095,2.41265,2023-02-06,3
27.75095,2.41255,2023-02-06,3
27.75095,2.41075,2021-03-11,3
27.75095,2.41065,2021-03-11,3
27.75095,2.41055,2021-03-11,3
27.75095,2.41045,2023-04-02,3
27.75095,2.41035,2023-04-02,3
27.75095,2.41025,2023-04-18,3
27.75095,2.41015,2023-04-18,3
27.75095,2.41005,2023-04-18,3
27.75095,2.40995,2021-03-11,3
27.75095,2.40985,2021-03-11,3
27.75095,2.40685,2021-02-13,3
27.75095,2.40675,2021-04-19,3
27.75095,2.40665,2021-04-19,3
27.75095,2.40655,2021-03-21,3
27.75095,2.40645,2021-04-19,3
27.75095,2.4063499999999998,2021-05-08,3
27.75095,2.40625,2021-05-20,3
27.75095,2.40615,2023-02-20,3
27.75095,2.40605,2023-02-20,3
27.75095,2.40595,2023-02-20,3
27.75095,2.40585,2023-02-20,3
27.75095,2.40575,2023-02-27,3
27.75095,2.40295,2021-03-19,3
27.75095,2.40285,2021-03-19,3
27.75095,2.40275,2021-03-19,3
27.75095,2.40265,2021-03-19,3
27.75095,2.40255,2021-03-19,3
27.75095,2.38745,2023-02-27,3
27.75095,2.38595,2020-09-10,3
27.75095,2.38585,2020-09-10,3
27.75095,2.38575,2020-07-12,3
27.75095,2.38565,2020-06-30,3
27.75095,2.38555,2021-05-08,3
27.75095,2.33025,2022-03-04,3
27.75095,2.33015,2022-03-04,3
27.75095,2.25995,2021-03-11,3
27.75095,2.25985,2021-03-11,3
27.75095,2.25445,2023-05-04,3
27.75095,2.25435,2023-05-04,3
27.75095,2.25425,2023-04-02,3
27.75095,2.25415,2023-04-02,3
27.75095,2.25405,2023-04-02,3
27.75095,2.24655,2019-07-30,3
27.75095,2.24645,2019-03-08,3
27.75095,2.24635,2019-03-08,3
27.75095,2.24625,2019-03-20,3
27.75095,2.24615,2019-03-08,3
27.75095,2.24605,2019-05-31,3
27.75095,2.24595,2019-02-24,3
27.75095,2.24585,2019-03-08,3
27.75095,2.24575,2019-02-24,3
27.75095,2.24565,2019-02-24,3
27.75095,2.24555,2019-02-24,3
27.75095,2.24545,2019-02-24,3
27.75095,2.24535,2019-02-24,3
27.75095,2.24525,2019-02-24,3
27.75095,2.2451499999999998,2019-03-20,3
27.75095,2.24505,2019-03-20,3
27.75095,2.23665,2019-06-24,3
27.75095,2.23655,2019-06-24,3
27.75095,2.23645,2019-07-06,3
27.75095,2.23635,2019-09-16,3
27.75095,2.23625,2019-05-19,3
27.75095,2.23595,2020-05-25,3
27.75095,2.23585,2020-07-24,3
27.75095,2.23575,2020-07-12,3
27.75095,2.23225,2019-03-08,3
27.75095,2.23215,2019-02-24,3
27.75095,2.23205,2019-02-24,3
27.75095,2.21965,2022-03-04,3
27.75095,2.21955,2022-03-04,3
27.75095,2.21945,2022-03-04,3
27.75095,2.21935,2023-05-10,3
27.75095,2.21845,2024-03-04,3
27.75095,2.21835,2024-03-04,3
27.75095,2.18725,2024-03-28,3
27.75095,2.18715,2024-03-28,3
27.75095,2.18705,2024-03-28,3
